0,1,2,3,4,5,6,7,8,target
4,94,8300.0,10,False,6.0,23,0,91,0
2,99,8300.0,5,True,2.0,17,1,70,1
5,80,8300.0,8,True,11.0,21,0,76,0
5,76,10067.0,7,True,1.0,17,0,26,0
10,86,28651.0,4,True,6.0,18,0,80,0
1,83,27905.0,4,False,1.0,21,1,4,1
3,66,8300.0,6,False,1.0,17,0,5,1
3,75,34292.0,3,False,5.0,25,1,90,0
10,61,17165.0,7,False,3.0,24,0,8,1
1,77,8300.0,10,False,2.0,17,1,14,1
1,69,15858.0,8,False,4.0,17,1,28,0
8,61,18149.0,7,False,1.0,17,1,70,1
5,82,19528.0,8,True,1.0,23,1,85,0
7,88,28899.0,6,False,9.0,24,0,74,1
6,94,18111.0,9,False,1.0,23,0,5,1
6,76,15111.0,3,True,15.0,17,0,12,1
6,99,26037.0,10,True,1.0,31,1,90,1
1,66,19717.0,9,False,12.0,22,0,95,1
9,71,20377.0,10,False,2.0,22,0,87,1
3,67,20078.0,10,False,2.0,17,0,27,1
1,77,31523.0,1,False,3.0,17,0,26,1
1,62,31475.0,5,False,13.0,24,1,97,1
3,78,8300.0,4,True,6.0,21,0,8,1
1,78,18997.0,8,False,1.0,24,1,96,0
6,62,19430.0,10,False,1.0,18,0,24,1
2,78,20103.0,9,False,10.0,17,1,28,1
8,94,38215.0,1,False,8.0,17,1,1,1
6,68,19656.0,7,False,3.0,18,0,98,0
7,62,18982.0,2,False,5.0,17,1,26,1
8,79,17326.0,6,True,4.0,22,0,75,0
4,95,22335.0,8,False,2.0,17,1,8,1
1,87,8402.0,1,False,1.0,22,0,15,1
1,86,17110.0,10,False,4.0,17,0,95,0
1,80,15728.0,8,False,7.0,18,0,23,0
3,61,17351.0,3,True,2.0,20,1,78,1
1,74,8300.0,9,False,9.0,24,0,25,1
2,93,8300.0,5,False,3.0,25,0,7,1
7,88,30427.0,3,False,6.0,17,1,14,0
3,95,21762.0,1,True,1.0,17,1,89,0
3,69,37426.0,9,False,5.0,20,0,75,0
10,64,14260.0,1,False,3.0,17,1,93,1
5,69,21363.0,7,False,4.0,17,1,25,1
2,73,8767.0,7,False,1.0,18,0,87,1
3,80,17148.0,7,False,12.0,19,1,9,0
10,60,9667.0,10,False,1.0,17,1,95,0
1,75,8300.0,5,False,2.0,17,0,92,1
4,91,17498.0,4,False,1.0,18,1,87,1
1,68,24079.0,10,False,1.0,22,0,96,0
7,68,20238.0,1,True,11.0,18,0,86,1
1,87,8300.0,7,False,1.0,27,1,82,1
5,93,20199.0,4,False,12.0,31,0,98,1
9,75,39924.0,10,False,2.0,18,0,7,0
9,83,25316.0,6,False,1.0,17,1,76,0
9,62,26194.0,10,False,5.0,19,1,26,0
8,74,23107.0,2,False,5.0,22,0,91,0
5,91,22004.0,7,True,4.0,18,1,25,0
2,77,33577.0,2,False,4.0,17,0,16,0
3,61,23217.0,2,False,1.0,21,0,21,1
5,87,21021.0,6,False,9.0,17,0,22,0
1,63,12805.0,8,False,20.0,26,1,19,1
2,96,21613.0,3,False,14.0,21,1,77,1
6,60,25039.0,3,False,11.0,21,0,81,1
6,74,19177.0,10,False,4.0,17,0,1,0
3,70,8300.0,4,False,3.0,17,1,98,1
9,65,17739.0,10,False,1.0,27,1,92,1
5,90,8300.0,5,False,4.0,27,1,17,1
2,65,21619.0,5,False,3.0,23,1,78,0
1,90,11347.0,8,False,15.0,18,0,14,1
1,90,8300.0,6,False,1.0,19,1,94,1
9,84,8369.0,3,True,4.0,21,1,89,1
5,91,13490.0,10,False,1.0,25,1,15,0
8,81,19804.0,10,False,11.0,17,1,7,1
1,89,30570.0,6,False,1.0,28,0,12,0
4,83,17641.0,10,False,7.0,23,0,4,1
7,61,17299.0,4,False,7.0,17,0,17,1
7,97,24291.0,9,True,1.0,17,1,27,0
6,100,23968.0,8,False,1.0,24,0,27,0
2,86,8300.0,7,False,1.0,17,0,16,1
7,84,27275.0,10,False,8.0,20,0,23,0
9,82,31141.0,4,False,3.0,17,1,79,0
3,90,18193.0,4,False,1.0,20,0,1,1
3,66,8300.0,10,True,1.0,17,0,91,0
3,79,20226.0,10,False,8.0,17,0,98,0
9,63,14559.0,8,False,1.0,19,0,74,0
8,68,9264.0,1,False,3.0,17,0,10,1
2,62,30381.0,10,False,1.0,17,0,87,1
2,61,9235.0,8,False,1.0,22,1,7,0
2,78,13786.0,10,False,6.0,25,0,93,1
9,99,19089.0,10,False,2.0,23,1,19,1
1,69,20672.0,3,False,8.0,19,0,6,0
7,84,31724.0,4,False,1.0,20,1,83,0
6,70,14627.0,8,False,7.0,26,0,19,0
10,91,18051.0,8,True,4.0,18,0,13,0
3,72,8300.0,4,True,1.0,27,1,9,1
2,85,19870.0,6,True,4.0,18,1,16,0
1,88,10711.0,10,False,6.0,17,0,72,1
2,90,8300.0,10,False,5.0,17,0,82,1
2,74,16202.0,9,False,15.0,17,0,12,1
2,95,8470.0,4,False,4.0,19,0,2,1
9,76,23275.0,1,False,7.0,19,0,24,0
7,84,19546.0,10,False,1.0,31,0,85,0
10,81,24438.0,9,False,1.0,17,0,76,0
10,64,20961.0,7,False,4.0,19,1,71,0
6,86,8300.0,7,True,6.0,17,1,1,0
2,72,27936.0,10,False,6.0,23,0,79,1
9,96,47491.0,9,False,1.0,21,1,98,0
10,61,21480.0,1,False,7.0,17,0,3,1
2,69,23835.0,7,False,8.0,20,0,80,1
9,70,22358.0,1,False,6.0,25,1,7,0
4,68,13535.0,3,False,12.0,20,1,99,1
10,65,8300.0,3,False,1.0,20,0,13,1
5,96,34184.0,10,True,5.0,28,1,1,1
8,71,13950.0,10,True,4.0,17,1,4,0
1,62,18716.0,9,True,8.0,17,1,20,1
5,76,17803.0,6,True,1.0,23,1,13,0
1,88,8300.0,10,True,1.0,24,1,98,1
3,99,20389.0,10,True,1.0,25,0,95,0
2,93,27598.0,10,False,2.0,21,0,4,1
6,67,8500.0,10,False,12.0,27,0,75,1
1,62,24336.0,10,False,11.0,20,0,100,1
6,93,15471.0,9,True,2.0,18,1,98,0
9,83,18556.0,10,False,3.0,21,1,1,1
2,72,19668.0,6,False,3.0,19,1,93,0
10,74,8300.0,4,False,2.0,19,0,95,1
9,82,12798.0,10,False,2.0,17,1,6,0
1,69,11397.0,10,False,1.0,17,1,87,0
4,65,34020.0,7,False,2.0,17,1,82,0
2,99,20126.0,8,False,1.0,17,0,2,1
1,89,22857.0,6,False,3.0,17,1,82,1
10,92,16540.0,3,False,8.0,21,1,78,0
10,70,29063.0,10,False,1.0,17,1,89,0
5,60,15151.0,1,False,5.0,20,1,78,1
2,62,8300.0,8,True,8.0,17,1,18,1
8,77,8300.0,2,False,3.0,30,0,81,1
10,82,25143.0,4,False,1.0,26,1,3,1
8,84,26144.0,6,False,14.0,17,1,86,0
6,91,25817.0,8,True,7.0,18,0,95,0
2,61,11922.0,8,False,4.0,20,1,76,1
10,60,18553.0,4,False,1.0,18,0,94,1
8,91,20411.0,7,False,15.0,18,0,78,0
2,65,12196.0,1,False,1.0,22,1,3,1
2,81,24461.0,10,False,1.0,26,0,1,1
10,83,16457.0,10,True,5.0,26,1,93,1
10,76,20445.0,7,False,1.0,26,1,94,1
6,88,29429.0,4,False,5.0,21,1,6,0
6,86,12583.0,4,False,10.0,26,1,21,0
10,69,17030.0,10,False,7.0,20,0,8,0
5,74,31042.0,8,False,1.0,18,1,12,0
6,77,17065.0,1,False,6.0,17,0,77,1
9,100,28547.0,5,False,5.0,29,1,20,1
6,78,20770.0,2,True,11.0,17,0,6,1
1,95,29137.0,1,False,1.0,19,1,9,1
4,64,17985.0,7,False,3.0,28,1,97,1
5,85,15045.0,5,True,1.0,17,0,3,1
9,91,26854.0,2,False,18.0,20,1,29,1
2,85,8300.0,1,False,1.0,25,1,78,1
1,83,8789.0,9,False,1.0,17,0,2,1
10,60,26668.0,1,False,1.0,23,1,72,1
8,65,20682.0,10,False,1.0,23,0,3,0
10,65,9007.0,6,False,1.0,20,0,72,1
10,64,8300.0,10,False,1.0,18,0,1,0
7,60,14501.0,10,False,9.0,17,0,92,0
10,73,20837.0,1,False,1.0,30,1,92,1
1,72,8300.0,4,False,5.0,22,0,88,1
5,84,16625.0,9,False,6.0,17,0,87,1
6,98,23564.0,8,False,7.0,24,1,22,0
1,62,12591.0,10,False,4.0,33,1,96,1
1,66,30664.0,1,False,4.0,30,1,4,1
3,95,8300.0,10,False,6.0,21,1,15,0
10,74,22424.0,2,True,4.0,17,0,2,1
5,74,17027.0,9,True,4.0,26,0,22,1
8,81,8300.0,7,False,8.0,17,0,22,0
1,79,17139.0,6,False,12.0,22,0,25,1
8,67,11549.0,7,False,12.0,18,1,80,0
5,83,20173.0,9,True,9.0,19,1,71,0
1,62,12432.0,7,True,15.0,18,0,72,1
2,94,23169.0,6,False,5.0,17,0,18,0
5,90,14028.0,10,False,4.0,17,0,13,0
2,94,28405.0,5,False,12.0,26,1,22,1
2,70,26969.0,10,False,1.0,23,1,81,1
10,67,33354.0,10,True,1.0,18,1,16,0
4,87,16922.0,8,False,7.0,18,0,76,0
1,66,25893.0,3,False,14.0,24,1,98,1
9,84,18141.0,10,False,1.0,24,0,98,1
1,78,16621.0,9,True,1.0,20,0,6,1
4,66,25919.0,10,True,1.0,17,1,89,0
6,95,31204.0,5,False,5.0,17,0,22,0
6,98,12165.0,10,False,1.0,18,1,22,1
1,84,20492.0,8,False,1.0,20,1,86,0
1,95,8300.0,5,False,2.0,17,0,19,1
9,86,35942.0,4,False,1.0,17,1,92,1
5,100,15834.0,4,False,1.0,26,1,8,1
3,71,19538.0,4,False,5.0,22,0,87,1
4,65,27084.0,8,False,1.0,30,0,3,1
10,64,13687.0,2,False,11.0,19,1,2,1
2,82,29420.0,3,False,4.0,17,0,1,1
9,60,12743.0,10,True,10.0,17,0,23,1
8,86,8300.0,10,False,1.0,22,1,29,0
1,72,8300.0,8,False,6.0,19,1,2,1
3,85,8300.0,1,True,5.0,19,1,71,1
10,100,17835.0,1,True,1.0,23,0,93,0
5,62,11024.0,10,False,1.0,23,0,82,0
3,79,19373.0,7,False,1.0,17,1,76,0
10,76,21849.0,4,False,1.0,17,0,10,0
9,67,23151.0,4,False,1.0,21,0,71,1
3,87,29326.0,7,True,6.0,17,1,24,1
4,95,19295.0,6,False,2.0,17,1,13,0
7,78,31458.0,10,True,1.0,24,0,74,0
3,83,25236.0,10,False,5.0,25,0,18,0
7,92,29883.0,8,True,7.0,24,1,74,0
8,92,27534.0,10,False,1.0,17,0,27,1
5,78,8300.0,8,False,3.0,17,1,89,1
8,75,8300.0,7,False,3.0,24,0,12,0
7,72,8300.0,8,False,5.0,20,1,8,0
6,93,12515.0,7,False,13.0,22,1,97,1
1,99,12320.0,6,False,11.0,18,0,7,1
8,81,21611.0,10,True,1.0,17,1,78,0
7,74,25602.0,9,False,7.0,19,1,97,0
8,60,24197.0,9,False,8.0,17,0,73,0
1,63,21600.0,2,False,7.0,17,1,100,1
6,75,10125.0,1,False,4.0,17,0,11,0
10,68,18650.0,1,False,2.0,18,0,16,1
2,85,8300.0,7,True,5.0,19,1,9,1
3,61,15564.0,3,False,1.0,27,1,70,1
7,99,25771.0,2,True,3.0,18,0,72,0
6,88,19920.0,10,False,1.0,19,0,6,0
9,64,28911.0,10,False,10.0,17,0,91,0
10,60,31571.0,10,False,4.0,17,1,82,1
1,90,28400.0,3,False,11.0,19,0,88,1
2,83,8300.0,10,False,1.0,20,0,80,1
3,80,16696.0,6,False,1.0,25,1,15,1
10,88,16642.0,5,False,3.0,20,1,17,0
8,65,12175.0,5,False,11.0,30,1,70,0
9,96,8300.0,4,False,9.0,26,1,2,1
5,68,30053.0,9,False,2.0,17,0,74,1
6,67,8300.0,6,False,3.0,17,0,72,0
2,100,8300.0,8,False,1.0,26,1,19,0
7,82,8300.0,6,True,11.0,20,1,25,1
5,60,29893.0,2,True,4.0,19,1,2,1
5,91,23310.0,5,True,6.0,17,0,14,0
3,67,14114.0,6,False,1.0,34,1,19,0
8,62,12743.0,2,False,4.0,20,0,9,1
1,75,8300.0,10,True,10.0,19,0,84,1
4,70,22906.0,10,False,8.0,17,1,75,0
1,96,18870.0,10,False,4.0,17,0,14,1
9,97,21401.0,10,True,9.0,26,1,82,0
4,92,39175.0,6,False,15.0,17,0,1,0
6,95,27548.0,3,False,10.0,19,1,9,1
6,99,9631.0,2,False,7.0,19,1,80,0
2,89,24871.0,8,True,9.0,17,0,90,1
1,72,28634.0,5,True,5.0,19,1,26,0
5,88,13345.0,8,True,1.0,21,1,75,0
10,100,17147.0,9,False,9.0,17,0,1,0
4,86,26024.0,7,True,1.0,18,0,27,1
4,79,21685.0,5,False,1.0,17,0,96,1
1,73,26706.0,1,False,1.0,23,0,12,1
2,82,8300.0,5,False,9.0,17,0,92,1
10,78,30988.0,10,False,3.0,24,0,72,1
1,89,8300.0,10,False,5.0,17,1,73,1
6,82,25202.0,8,False,5.0,17,1,25,1
7,85,24905.0,10,False,1.0,24,1,3,1
2,83,8635.0,7,False,8.0,20,1,6,1
4,66,12656.0,9,True,4.0,21,1,96,1
1,66,19446.0,10,False,1.0,21,0,28,0
9,66,49329.0,10,False,4.0,26,1,98,1
7,72,16604.0,3,True,6.0,17,0,4,1
3,72,22315.0,8,True,12.0,22,0,22,1
2,90,8300.0,9,False,1.0,23,0,91,1
8,81,12728.0,10,True,2.0,22,1,71,0
2,82,15436.0,4,False,6.0,17,1,3,1
4,87,9655.0,4,False,11.0,17,0,12,1
1,75,29914.0,8,False,3.0,19,0,12,1
8,90,8300.0,1,False,1.0,23,1,20,1
10,82,25453.0,2,False,5.0,22,0,6,0
8,94,13362.0,10,False,3.0,21,0,77,0
5,88,29439.0,10,True,5.0,22,1,13,1
2,64,21509.0,7,False,3.0,17,0,89,1
5,63,8300.0,10,False,1.0,17,1,77,0
7,67,29091.0,1,False,6.0,23,1,1,1
10,99,14959.0,9,False,8.0,20,1,70,0
2,89,17046.0,10,False,4.0,17,1,75,0
2,60,17675.0,10,True,1.0,26,0,86,1
5,88,37024.0,8,False,1.0,19,0,3,1
10,65,8300.0,10,False,6.0,17,0,3,0
1,61,29621.0,8,False,3.0,17,1,15,1
5,89,17270.0,2,False,12.0,17,0,81,1
10,60,14098.0,8,False,4.0,19,0,3,1
2,64,32750.0,10,False,2.0,17,1,19,1
10,63,13785.0,10,False,6.0,19,1,77,0
4,93,23341.0,10,False,1.0,27,1,89,0
8,65,24539.0,10,True,1.0,21,1,16,0
8,97,9477.0,10,False,1.0,17,0,75,1
5,88,8300.0,2,True,1.0,20,1,71,1
2,92,38177.0,2,False,5.0,17,1,77,0
2,63,35141.0,10,False,1.0,17,0,19,1
7,73,19547.0,10,False,7.0,22,1,72,0
9,91,11333.0,5,False,3.0,17,0,11,1
1,74,34433.0,7,False,1.0,18,1,90,0
1,71,30485.0,1,False,1.0,17,1,21,1
2,86,14162.0,6,False,1.0,17,0,24,0
7,92,9885.0,10,False,1.0,20,1,28,1
10,61,26943.0,9,False,1.0,28,1,75,0
7,77,13526.0,1,False,1.0,21,0,13,0
9,92,28253.0,7,False,1.0,17,0,21,1
7,88,10698.0,10,False,7.0,23,1,10,0
8,98,11801.0,1,False,2.0,17,0,78,1
7,88,9934.0,7,False,4.0,22,1,100,0
2,63,16257.0,1,False,1.0,28,0,97,1
7,98,8425.0,10,False,7.0,22,1,12,0
3,66,14165.0,6,True,15.0,17,0,10,0
1,83,19055.0,4,True,1.0,17,1,30,1
1,73,23670.0,9,False,5.0,17,0,85,0
9,69,8300.0,4,False,1.0,17,1,96,1
4,85,14037.0,7,False,3.0,27,1,100,0
4,87,25096.0,10,False,1.0,21,1,83,0
3,92,21555.0,9,True,5.0,21,0,17,0
10,94,17997.0,4,True,4.0,24,0,78,0
7,95,8300.0,7,False,1.0,20,1,73,1
5,97,16224.0,8,False,10.0,17,0,28,1
1,70,27260.0,10,True,1.0,21,1,85,1
7,82,19861.0,10,False,1.0,17,0,94,0
6,90,23046.0,7,False,1.0,18,0,16,0
2,100,12927.0,6,False,8.0,20,0,2,1
2,67,24069.0,7,True,1.0,22,1,1,1
1,86,8905.0,10,False,1.0,26,0,81,1
1,96,13401.0,4,False,13.0,18,1,7,1
1,63,14056.0,10,False,1.0,27,0,78,1
2,98,26913.0,10,True,3.0,21,1,6,0
4,100,18396.0,9,False,9.0,18,1,7,0
8,67,8300.0,2,False,1.0,30,0,14,1
10,80,8300.0,10,False,1.0,28,0,12,1
4,89,18506.0,5,False,1.0,17,0,70,0
4,81,12133.0,10,True,7.0,22,0,85,0
10,60,18891.0,7,True,10.0,22,1,73,1
1,94,10487.0,6,False,7.0,25,1,78,0
5,87,13662.0,4,False,8.0,17,1,100,1
1,68,22495.0,10,False,6.0,17,0,16,0
10,82,8300.0,10,False,10.0,20,1,72,0
8,90,8300.0,1,False,6.0,25,0,20,1
10,96,14005.0,2,True,1.0,21,0,4,1
6,78,13484.0,6,False,7.0,20,1,77,1
10,99,20399.0,10,False,5.0,22,1,20,0
5,78,19263.0,10,True,1.0,17,0,100,0
4,95,32534.0,7,False,15.0,17,1,77,1
9,71,26163.0,7,False,1.0,24,0,74,1
4,73,24665.0,10,False,16.0,26,0,73,0
8,82,18410.0,9,False,1.0,18,0,77,1
3,97,24688.0,6,True,1.0,21,0,88,0
8,63,9996.0,10,False,1.0,18,1,11,0
10,60,29414.0,1,True,6.0,24,1,99,1
4,91,23710.0,10,False,4.0,22,1,25,0
2,64,13190.0,10,False,4.0,27,0,21,1
9,91,19593.0,10,False,7.0,22,0,3,0
5,64,19517.0,8,False,9.0,17,0,28,1
8,73,18355.0,10,True,2.0,24,0,26,0
5,60,11154.0,10,False,1.0,21,0,4,1
10,94,31891.0,5,False,4.0,22,0,96,0
2,99,8300.0,6,False,8.0,26,0,25,1
5,95,8300.0,3,False,4.0,21,0,9,1
4,72,14957.0,9,True,3.0,20,1,26,0
2,72,8300.0,5,False,9.0,17,0,92,1
10,91,22048.0,9,True,7.0,23,0,10,0
9,63,10734.0,1,False,3.0,23,0,3,1
4,73,30196.0,7,False,1.0,17,0,84,0
6,65,24818.0,10,False,1.0,19,0,78,1
3,74,22724.0,4,False,4.0,25,1,93,0
6,69,27413.0,10,False,6.0,17,0,78,0
10,93,8300.0,4,False,1.0,25,1,16,1
6,80,14988.0,10,False,4.0,22,1,24,0
2,89,23566.0,9,False,15.0,19,0,74,1
5,85,39751.0,10,False,6.0,21,1,3,1
3,83,21700.0,9,False,9.0,17,1,25,0
1,87,8300.0,8,False,1.0,28,0,8,1
7,80,23266.0,10,False,1.0,17,1,71,0
10,96,24563.0,8,False,8.0,17,0,8,0
6,100,32285.0,10,False,4.0,17,0,30,0
9,93,9482.0,1,False,10.0,25,0,76,0
5,92,23323.0,7,False,4.0,19,1,75,0
9,65,21572.0,10,False,9.0,28,1,28,1
2,83,19087.0,3,False,1.0,21,1,21,0
9,62,15441.0,7,False,1.0,23,1,83,1
4,72,29821.0,4,False,5.0,17,0,4,1
2,71,17925.0,4,False,16.0,28,0,78,1
1,71,18715.0,10,False,1.0,18,1,3,1
6,100,26366.0,8,True,1.0,17,1,79,0
3,77,8300.0,7,False,2.0,21,1,28,1
5,85,14137.0,5,False,8.0,17,1,28,0
1,61,15660.0,8,False,1.0,20,0,96,1
8,99,18097.0,7,False,2.0,17,0,17,0
10,68,19139.0,10,True,5.0,24,1,24,0
1,80,37896.0,9,True,13.0,26,0,9,1
4,93,11132.0,10,False,1.0,17,1,4,0
2,74,24453.0,10,True,10.0,22,1,89,0
3,97,26304.0,10,False,8.0,17,1,7,1
9,85,21478.0,2,True,4.0,17,1,7,1
9,62,19322.0,3,False,1.0,17,1,25,1
5,65,20515.0,8,False,1.0,22,1,6,1
9,88,18398.0,4,False,8.0,25,1,24,0
6,78,19657.0,1,True,1.0,18,0,78,0
9,83,35784.0,7,True,5.0,17,0,7,0
8,63,8300.0,10,False,4.0,26,0,88,1
8,96,15947.0,10,False,9.0,28,1,7,0
2,75,28299.0,9,False,2.0,25,0,28,0
4,68,21002.0,8,True,2.0,22,0,82,1
1,82,17778.0,7,False,1.0,17,0,30,0
7,90,9701.0,10,False,5.0,17,0,18,0
3,85,38453.0,4,True,1.0,29,1,23,0
4,87,18380.0,6,False,1.0,17,0,83,0
7,71,8300.0,8,False,3.0,25,1,93,0
3,64,12445.0,6,True,1.0,22,0,74,0
2,61,25635.0,10,False,7.0,20,1,18,1
1,87,29600.0,10,False,2.0,28,0,29,1
5,97,20614.0,8,False,1.0,17,0,13,0
7,64,25051.0,10,False,4.0,17,0,86,1
8,71,12065.0,10,False,5.0,17,0,92,1
9,71,16096.0,6,True,3.0,17,0,72,0
6,86,33789.0,9,False,1.0,21,0,86,0
2,99,17330.0,10,False,1.0,17,1,77,0
3,74,21759.0,1,False,4.0,23,0,6,1
5,74,28729.0,4,False,11.0,22,0,16,1
1,60,22031.0,10,False,1.0,23,1,75,1
2,83,28294.0,10,False,1.0,20,1,70,0
5,62,8347.0,1,True,1.0,22,0,85,1
2,79,8701.0,5,False,1.0,17,1,100,1
7,87,12611.0,3,False,3.0,26,1,4,1
7,97,10966.0,10,False,14.0,18,1,73,0
7,80,15711.0,10,True,1.0,26,0,92,1
5,76,39107.0,10,False,1.0,18,1,97,0
5,90,11456.0,10,False,6.0,17,0,70,1
3,90,21926.0,8,False,12.0,26,0,29,0
9,63,13815.0,7,False,9.0,17,0,83,1
1,75,8300.0,5,False,1.0,17,0,15,1
8,90,21060.0,7,False,1.0,17,1,77,0
9,78,12776.0,1,True,3.0,22,1,79,0
6,89,13229.0,2,False,1.0,20,1,12,0
7,91,13015.0,10,False,4.0,18,0,24,1
6,93,15213.0,3,False,4.0,17,0,77,1
8,79,8300.0,8,False,9.0,17,0,16,0
9,81,10070.0,1,False,1.0,24,1,7,1
10,72,25417.0,4,False,5.0,17,1,75,1
7,79,31660.0,3,False,1.0,17,0,80,0
8,87,8327.0,5,False,6.0,25,0,92,1
10,63,24539.0,6,False,1.0,20,1,15,0
6,93,30306.0,10,False,1.0,17,0,97,0
6,77,26426.0,10,False,8.0,22,1,21,1
5,86,25512.0,10,False,1.0,27,1,13,0
8,61,26553.0,1,True,1.0,27,0,28,1
3,73,19517.0,10,True,1.0,23,1,72,1
5,88,8300.0,4,False,6.0,21,1,10,1
6,75,30966.0,8,False,3.0,20,0,9,1
4,99,16064.0,10,False,6.0,17,1,72,1
6,96,28627.0,10,False,1.0,20,1,89,0
3,63,24746.0,10,False,1.0,20,0,28,0
1,62,21762.0,10,False,8.0,17,1,18,1
8,69,22725.0,10,False,1.0,22,0,6,1
4,62,14435.0,8,False,4.0,25,1,87,0
2,63,35718.0,2,False,2.0,19,0,29,1
9,98,18316.0,10,False,8.0,21,1,79,0
7,66,25839.0,9,False,14.0,17,1,82,0
10,76,23974.0,4,False,15.0,29,1,5,1
1,63,34950.0,8,True,2.0,17,1,21,1
8,76,31173.0,8,False,1.0,19,1,2,0
1,75,24388.0,10,True,1.0,25,0,16,0
1,93,17300.0,10,False,8.0,17,1,28,1
10,100,9147.0,8,True,1.0,20,0,27,0
5,60,18848.0,6,True,1.0,29,1,93,0
1,64,26365.0,7,False,3.0,22,1,15,1
9,98,12544.0,10,False,6.0,26,0,26,0
8,69,8889.0,10,False,7.0,17,0,100,0
1,92,35074.0,7,False,2.0,25,1,25,1
9,66,14395.0,3,False,1.0,17,0,24,1
8,90,11680.0,4,False,8.0,17,0,77,0
5,69,15167.0,10,False,4.0,26,1,11,0
1,64,18079.0,10,False,4.0,24,1,18,1
1,60,11412.0,9,False,2.0,22,1,87,1
1,74,17939.0,5,False,7.0,25,1,98,0
6,82,25078.0,10,False,5.0,19,1,23,0
6,74,24761.0,6,False,4.0,23,0,26,1
6,99,18993.0,3,False,6.0,17,1,12,0
3,71,15652.0,1,False,1.0,17,1,99,0
10,91,21546.0,10,False,7.0,20,1,84,1
5,90,16751.0,5,False,12.0,26,1,15,0
1,61,22708.0,8,False,1.0,17,0,96,1
9,100,11734.0,5,True,3.0,23,1,29,0
5,82,20950.0,3,False,2.0,21,1,4,1
6,63,18825.0,10,False,8.0,17,1,85,0
2,73,18048.0,10,False,11.0,23,0,72,1
7,66,11472.0,10,True,1.0,17,1,72,0
6,100,22574.0,10,True,7.0,18,0,80,0
6,78,21125.0,3,False,2.0,21,0,72,1
7,69,8945.0,6,False,1.0,17,0,10,0
2,72,21279.0,10,False,6.0,17,1,26,0
6,78,29247.0,1,True,2.0,22,1,2,1
1,90,16336.0,10,False,8.0,25,0,89,0
3,77,8300.0,4,True,1.0,22,1,12,1
2,60,30224.0,7,False,1.0,22,0,16,0
4,82,21500.0,4,False,14.0,22,0,89,1
6,86,8300.0,10,False,1.0,21,0,90,0
2,81,12268.0,10,False,1.0,17,0,26,0
4,75,22973.0,1,False,6.0,18,0,7,0
4,78,8681.0,10,False,1.0,21,1,96,0
8,72,8300.0,2,False,3.0,18,1,84,1
2,85,23964.0,10,False,11.0,25,0,93,1
5,89,16681.0,9,True,7.0,29,0,14,1
5,79,8708.0,4,False,1.0,21,0,94,1
3,94,14610.0,6,False,10.0,17,1,3,0
2,67,20351.0,10,False,6.0,21,1,15,0
4,70,12923.0,6,False,1.0,22,0,29,0
4,92,8341.0,6,False,1.0,17,1,4,0
3,60,29235.0,9,False,3.0,21,1,28,1
5,72,26549.0,7,False,2.0,26,0,91,1
4,85,22584.0,9,False,6.0,29,0,18,0
4,91,10430.0,10,False,1.0,21,0,89,0
5,86,19548.0,8,False,3.0,17,1,2,0
8,72,29977.0,7,False,2.0,21,1,6,0
5,66,8300.0,10,False,1.0,20,1,77,0
8,83,20377.0,4,False,10.0,23,1,96,0
6,74,24203.0,10,False,1.0,18,0,12,1
7,78,30008.0,8,False,5.0,25,0,92,0
9,96,14939.0,7,False,1.0,23,1,85,0
3,82,25055.0,1,True,2.0,27,1,87,0
10,76,15661.0,7,False,1.0,20,0,14,1
1,99,31256.0,4,False,1.0,17,1,6,0
6,98,31557.0,4,True,7.0,26,1,23,0
6,81,13191.0,10,True,4.0,17,1,79,0
1,70,18149.0,1,False,9.0,17,1,21,1
2,61,26351.0,8,False,3.0,21,0,25,1
2,84,13799.0,10,False,11.0,21,0,71,1
4,66,24697.0,9,False,1.0,25,0,87,0
9,90,28600.0,9,False,4.0,32,0,98,0
10,99,11864.0,5,False,1.0,20,0,26,1
8,61,18977.0,9,True,1.0,21,1,98,0
3,65,28773.0,10,False,1.0,17,0,94,0
9,71,21857.0,4,False,1.0,17,1,14,0
2,87,14533.0,10,False,3.0,19,1,94,0
9,71,28096.0,9,False,2.0,24,1,24,0
2,65,18580.0,9,False,1.0,20,1,73,1
1,62,17982.0,10,False,1.0,30,0,85,1
8,62,8300.0,1,False,1.0,18,0,78,1
5,77,8300.0,10,False,5.0,33,0,10,0
2,73,31818.0,4,False,7.0,17,0,30,1
7,60,27482.0,10,False,4.0,17,1,30,1
10,93,8716.0,1,False,1.0,19,0,94,1
2,87,33819.0,8,False,6.0,24,0,82,1
1,80,29627.0,1,False,1.0,24,1,1,1
2,75,26033.0,5,False,12.0,17,1,3,1
10,80,11868.0,10,True,5.0,21,0,81,0
6,70,17501.0,10,False,1.0,17,0,99,0
7,73,26258.0,6,False,8.0,27,0,87,0
10,81,21835.0,1,True,2.0,28,0,2,1
4,99,18993.0,8,False,2.0,20,1,10,1
8,88,24699.0,10,False,1.0,17,1,70,0
8,67,24249.0,10,False,9.0,22,1,26,1
4,61,11115.0,10,False,4.0,19,1,87,0
1,64,28965.0,10,True,5.0,17,1,99,1
9,69,8300.0,3,True,8.0,17,0,12,1
10,100,8493.0,10,True,2.0,17,1,29,1
2,80,12468.0,10,False,1.0,18,0,3,1
1,83,28049.0,4,True,11.0,21,1,73,1
7,80,32064.0,3,False,1.0,20,0,8,0
4,83,8300.0,4,True,9.0,17,0,28,1
5,97,15058.0,6,False,1.0,23,1,14,0
10,62,43862.0,2,False,1.0,25,1,12,1
8,80,13794.0,2,True,3.0,19,1,16,0
2,82,19601.0,6,False,1.0,24,1,100,0
7,75,24941.0,6,False,8.0,17,0,87,0
9,76,25567.0,10,True,15.0,22,1,81,0
10,72,19494.0,6,False,6.0,20,0,7,1
1,70,19863.0,8,False,5.0,17,1,2,1
10,76,31092.0,9,False,6.0,17,1,3,0
4,75,8300.0,10,False,2.0,31,1,21,0
7,60,22023.0,2,False,5.0,17,1,7,1
1,79,8581.0,10,False,9.0,20,0,83,1
4,77,19817.0,2,False,1.0,21,0,14,0
6,65,10886.0,10,False,1.0,29,1,22,1
2,90,8300.0,8,False,4.0,17,1,96,1
7,79,19340.0,10,False,2.0,17,1,78,0
1,72,16026.0,2,False,1.0,24,0,76,1
7,68,20134.0,10,False,1.0,21,0,79,0
2,100,25256.0,10,False,1.0,20,1,100,0
5,77,16862.0,2,False,8.0,24,0,26,1
10,73,16699.0,10,False,1.0,20,1,71,0
2,60,8300.0,10,False,1.0,17,1,19,1
10,85,26407.0,9,False,3.0,24,1,83,1
3,83,21847.0,8,True,12.0,24,1,78,0
7,66,27402.0,10,False,5.0,18,1,90,0
7,62,30817.0,7,False,7.0,25,1,90,0
4,61,8300.0,3,False,7.0,22,0,29,1
9,90,8300.0,1,False,8.0,17,0,18,1
2,69,12728.0,5,False,8.0,22,1,77,1
2,69,8300.0,10,False,4.0,19,1,3,1
5,64,8300.0,10,False,4.0,17,1,5,0
8,72,8300.0,1,False,7.0,22,1,77,1
6,60,15599.0,8,False,7.0,17,1,16,0
1,62,30751.0,6,False,1.0,18,0,19,1
10,99,23515.0,10,False,5.0,17,0,14,0
8,95,25114.0,7,False,2.0,17,1,24,1
1,79,8300.0,9,False,6.0,20,0,77,1
7,78,26651.0,6,False,1.0,20,1,96,0
2,81,8300.0,4,False,1.0,28,0,85,1
1,99,18498.0,6,False,7.0,21,1,76,0
3,77,8300.0,10,False,2.0,17,1,17,1
1,93,29831.0,10,False,2.0,20,1,15,1
1,86,26059.0,2,True,1.0,27,1,1,1
2,73,29593.0,8,False,5.0,17,0,85,0
1,96,18626.0,1,False,6.0,23,0,10,0
4,68,15290.0,10,False,7.0,20,1,12,0
8,60,13487.0,10,False,1.0,17,1,3,0
6,72,23636.0,10,False,12.0,17,1,73,1
6,71,8300.0,4,True,10.0,23,1,89,1
9,96,24680.0,10,False,10.0,30,0,87,0
3,95,17321.0,7,False,2.0,21,0,22,0
1,60,25423.0,6,False,1.0,17,0,15,0
2,96,27669.0,10,True,9.0,18,1,2,1
5,79,14535.0,4,False,1.0,18,0,89,0
4,66,8300.0,10,True,6.0,26,1,12,0
5,91,18733.0,5,False,1.0,17,0,19,0
2,75,8300.0,1,False,1.0,20,1,86,1
2,83,12489.0,4,False,8.0,25,0,85,0
3,93,18245.0,10,True,4.0,20,1,18,0
10,99,9386.0,3,False,2.0,17,1,7,0
1,80,19585.0,3,True,4.0,20,1,16,0
2,91,32821.0,6,False,1.0,23,1,26,0
7,65,10295.0,8,False,2.0,17,1,92,1
1,83,35011.0,10,False,2.0,18,0,100,0
10,75,8622.0,8,False,5.0,21,0,72,1
3,72,8300.0,7,False,3.0,17,1,89,1
1,99,16211.0,10,False,13.0,25,0,3,1
8,80,24608.0,6,True,5.0,24,1,85,0
4,61,27029.0,3,False,1.0,24,0,94,1
3,83,19281.0,10,False,1.0,17,0,19,1
4,96,27074.0,4,False,7.0,17,1,28,0
1,85,21133.0,6,False,5.0,17,1,5,1
7,66,35745.0,10,True,8.0,22,0,93,0
5,73,38315.0,6,False,4.0,18,0,97,0
5,71,22897.0,5,False,1.0,18,0,2,0
5,93,14040.0,10,True,1.0,20,1,91,0
8,71,20798.0,10,False,3.0,23,1,12,0
1,67,12995.0,10,False,6.0,17,1,22,0
10,73,16325.0,7,False,7.0,25,1,71,1
5,61,13631.0,8,True,2.0,20,1,93,0
1,62,8300.0,8,False,12.0,21,1,91,1
2,68,22061.0,6,False,8.0,22,0,1,1
2,100,23875.0,4,True,2.0,31,1,79,0
6,97,32696.0,10,False,1.0,26,1,95,0
4,62,26320.0,5,False,4.0,17,0,13,1
8,79,25010.0,1,False,6.0,19,1,71,0
8,61,27035.0,10,False,1.0,17,1,99,0
6,81,26321.0,7,False,1.0,17,0,26,0
6,90,18946.0,10,False,1.0,23,1,87,0
3,100,14623.0,10,False,9.0,17,0,19,1
2,64,17529.0,8,True,1.0,19,0,99,1
7,82,16058.0,5,False,5.0,17,0,2,0
8,93,8300.0,10,False,2.0,21,0,19,0
10,94,24107.0,5,False,5.0,19,1,70,0
9,86,15221.0,4,False,1.0,20,0,24,0
1,61,27796.0,10,False,7.0,17,0,77,1
10,68,27975.0,1,False,1.0,17,1,83,1
5,75,25123.0,6,False,1.0,20,0,30,0
8,64,18617.0,10,False,1.0,17,0,81,0
2,75,28535.0,1,False,2.0,17,0,6,0
8,93,10482.0,9,False,1.0,24,1,24,0
2,84,32599.0,9,False,1.0,17,0,5,1
1,66,29982.0,10,False,6.0,22,0,92,0
6,97,23445.0,8,False,8.0,17,1,10,0
9,70,37978.0,10,True,9.0,18,1,85,1
2,91,16908.0,10,True,6.0,22,0,92,1
10,76,13557.0,8,False,4.0,27,0,73,0
5,99,13966.0,10,True,4.0,17,1,13,0
1,68,23714.0,9,False,1.0,23,1,70,0
6,93,21235.0,5,False,1.0,19,0,92,1
5,66,39983.0,10,False,1.0,24,1,100,0
10,82,14200.0,8,True,1.0,20,0,84,1
10,79,21993.0,5,False,8.0,17,1,78,1
2,92,22697.0,4,False,7.0,17,0,23,0
4,98,13181.0,5,False,2.0,17,1,91,0
10,63,24828.0,10,False,1.0,18,1,84,0
6,61,11762.0,1,False,3.0,17,0,91,1
3,82,11895.0,10,False,2.0,18,0,29,1
2,73,11174.0,10,False,1.0,18,0,91,1
5,66,29465.0,7,False,2.0,24,1,100,0
6,78,27081.0,4,False,3.0,24,0,16,1
7,69,12340.0,10,False,10.0,17,1,15,0
2,74,11159.0,8,True,1.0,17,0,21,0
10,85,15336.0,5,False,1.0,17,1,91,1
1,95,17793.0,6,True,3.0,17,1,93,1
4,81,24318.0,10,True,16.0,23,0,78,1
5,89,29418.0,1,True,4.0,20,0,9,0
2,88,18901.0,4,False,3.0,21,1,84,0
5,91,37640.0,10,False,6.0,17,1,4,0
10,67,24936.0,5,False,1.0,21,1,1,1
9,73,13900.0,8,False,6.0,29,0,19,0
6,74,21973.0,10,False,7.0,20,1,15,0
8,90,23009.0,8,False,10.0,23,0,24,0
10,99,27977.0,8,False,1.0,23,1,82,0
3,96,17969.0,1,False,10.0,21,1,99,0
3,96,15188.0,10,True,10.0,24,0,6,1
2,99,10580.0,10,False,12.0,24,1,90,1
8,61,17483.0,10,False,1.0,22,0,78,0
3,85,15348.0,8,False,7.0,20,1,12,1
5,73,14726.0,4,False,5.0,17,1,73,0
9,99,18333.0,10,False,10.0,24,0,72,0
2,82,18672.0,3,False,1.0,19,0,2,1
1,71,20446.0,10,False,8.0,17,0,25,1
1,83,24057.0,10,False,1.0,21,1,2,1
2,73,20470.0,4,False,11.0,17,1,23,1
1,97,30621.0,4,False,1.0,23,1,88,0
5,76,25495.0,6,False,3.0,32,1,86,1
6,96,21272.0,6,False,9.0,21,1,89,1
7,79,18668.0,4,True,9.0,20,1,70,0
4,86,8300.0,5,False,5.0,17,1,86,0
9,63,25075.0,2,False,11.0,27,1,28,1
4,91,18524.0,4,False,6.0,30,1,11,1
1,77,8300.0,10,False,4.0,17,1,82,1
3,70,8300.0,5,False,9.0,25,1,25,0
2,67,9219.0,10,True,15.0,19,0,14,1
4,95,8791.0,6,False,4.0,28,1,4,0
5,87,14250.0,10,False,6.0,26,0,85,1
7,99,9474.0,5,False,7.0,18,1,89,0
4,71,31132.0,2,True,1.0,17,0,84,1
7,95,14511.0,9,False,1.0,25,0,87,0
6,68,14223.0,9,False,1.0,30,0,100,0
8,67,20830.0,10,False,7.0,21,1,18,0
6,85,11830.0,7,True,2.0,27,0,10,0
7,60,26743.0,10,False,1.0,17,1,29,0
3,84,25258.0,3,False,1.0,28,0,83,0
6,87,23653.0,5,False,4.0,17,1,84,1
7,97,15854.0,5,False,2.0,17,0,82,1
4,73,8426.0,4,False,6.0,17,0,81,1
8,78,8300.0,9,False,1.0,17,1,75,0
7,61,8300.0,6,False,8.0,21,1,12,0
9,76,17793.0,8,False,1.0,17,1,28,1
2,76,26542.0,10,False,3.0,20,1,23,1
6,87,31386.0,10,False,1.0,19,1,27,0
9,61,23608.0,9,False,1.0,20,0,72,1
3,89,20645.0,2,False,5.0,18,0,96,0
3,75,22684.0,8,False,5.0,17,0,2,0
2,90,28377.0,9,False,5.0,22,1,2,1
1,74,8300.0,5,False,1.0,17,1,85,1
5,78,28322.0,10,False,1.0,21,0,23,1
2,73,21746.0,4,False,1.0,17,1,4,1
4,94,8300.0,8,False,1.0,21,0,78,1
5,98,8300.0,9,False,1.0,17,1,24,0
9,68,15919.0,4,False,7.0,17,0,90,0
9,73,8300.0,4,False,3.0,18,0,73,1
4,76,20868.0,2,False,1.0,17,0,3,1
2,61,9050.0,7,True,3.0,17,1,23,1
2,99,24093.0,10,False,1.0,17,1,2,1
1,66,25356.0,5,True,11.0,30,1,12,1
10,79,25543.0,8,False,4.0,22,0,22,1
9,61,11421.0,6,False,1.0,19,0,27,0
3,77,16005.0,10,True,4.0,24,1,72,1
10,91,19295.0,7,False,7.0,24,0,88,0
9,79,26337.0,6,True,8.0,17,1,74,1
8,63,14141.0,5,False,1.0,22,1,77,0
2,63,33904.0,7,False,9.0,18,1,25,0
8,85,9299.0,6,False,7.0,21,0,78,0
4,82,31934.0,7,False,8.0,20,0,97,0
10,87,29812.0,10,False,7.0,19,1,95,0
7,86,20208.0,6,False,1.0,17,0,25,0
9,86,25712.0,7,False,1.0,22,1,28,1
6,67,12735.0,2,False,9.0,17,1,4,1
10,72,15947.0,10,False,2.0,17,0,77,0
8,88,27739.0,8,False,1.0,17,1,20,0
2,94,16857.0,3,False,12.0,19,0,77,1
3,83,15205.0,3,False,8.0,20,0,27,0
4,86,33656.0,10,False,6.0,17,0,8,0
1,67,17078.0,1,False,3.0,20,0,99,0
1,64,17182.0,5,False,8.0,25,0,3,1
9,61,22278.0,1,True,12.0,17,0,97,0
7,92,29114.0,10,False,5.0,17,0,72,1
7,65,23954.0,1,False,6.0,18,0,9,0
1,63,18336.0,10,False,4.0,17,0,26,1
7,82,30274.0,9,False,3.0,34,0,23,0
10,66,20181.0,10,False,1.0,19,0,100,0
8,90,32640.0,8,False,2.0,17,0,70,0
5,75,8300.0,4,False,4.0,18,1,25,0
7,81,30422.0,4,False,1.0,23,1,6,1
7,74,11448.0,10,False,9.0,23,0,23,0
5,81,11335.0,10,False,2.0,25,0,74,1
9,80,28065.0,10,False,7.0,22,1,4,0
7,79,22704.0,10,False,1.0,17,0,1,0
2,75,24124.0,4,False,1.0,26,0,76,1
3,65,8300.0,10,False,8.0,17,0,83,1
6,82,8300.0,4,False,5.0,17,1,7,1
6,89,9482.0,8,False,10.0,27,0,74,1
1,76,8846.0,8,False,1.0,17,0,18,1
8,83,23728.0,5,True,4.0,17,1,9,0
1,87,26042.0,7,True,2.0,20,1,80,0
1,60,18886.0,6,False,2.0,17,0,25,1
2,85,19034.0,10,False,11.0,20,0,20,1
6,85,25041.0,7,False,3.0,17,1,71,0
3,77,10878.0,4,False,2.0,17,1,23,1
8,94,13922.0,2,False,12.0,17,1,22,1
4,92,36129.0,8,True,1.0,24,1,91,1
1,60,11846.0,10,False,1.0,18,1,74,1
8,82,36088.0,10,False,6.0,21,0,24,0
4,77,8300.0,7,False,6.0,17,1,25,1
7,76,11167.0,10,False,1.0,17,0,87,0
2,90,8300.0,9,False,7.0,21,0,98,1
2,76,8300.0,7,True,1.0,19,1,27,1
2,68,8300.0,8,False,1.0,23,1,5,1
8,72,19418.0,5,False,8.0,19,0,87,1
7,79,23064.0,1,False,1.0,20,0,85,0
9,75,17392.0,8,False,4.0,22,0,1,1
6,85,8300.0,3,False,1.0,21,0,15,1
1,84,24280.0,5,False,1.0,24,0,89,0
10,81,19762.0,3,False,2.0,23,1,92,1
7,86,24954.0,5,False,11.0,24,1,76,1
2,64,8589.0,10,False,8.0,24,0,86,1
10,78,8300.0,10,True,3.0,17,0,100,1
1,94,17572.0,1,False,12.0,22,1,5,1
3,78,38221.0,9,False,1.0,23,1,28,0
9,84,18723.0,1,False,7.0,23,1,15,0
4,62,15205.0,2,False,4.0,26,1,84,1
2,94,22777.0,6,False,5.0,17,0,16,0
7,71,18907.0,5,False,4.0,22,1,13,0
3,64,20130.0,10,False,5.0,17,1,85,0
10,77,8300.0,5,False,1.0,18,1,83,0
6,66,29948.0,2,False,9.0,17,0,87,0
2,60,22353.0,1,False,9.0,21,0,78,1
1,92,17723.0,6,False,1.0,24,1,11,0
4,68,27782.0,10,False,1.0,28,1,1,0
10,80,32785.0,8,False,14.0,19,0,94,0
7,95,11210.0,7,False,2.0,17,0,78,0
6,93,20654.0,10,False,7.0,17,1,12,0
6,67,22869.0,6,True,11.0,22,0,22,0
3,78,27078.0,8,False,1.0,19,0,3,0
5,81,36843.0,10,False,1.0,18,0,95,1
10,100,16514.0,7,False,1.0,17,0,84,0
4,79,14943.0,8,False,9.0,25,1,5,1
2,92,22160.0,4,False,4.0,27,1,73,0
7,92,23157.0,10,True,1.0,25,0,84,0
9,96,14649.0,7,False,1.0,23,1,79,0
3,67,25753.0,10,False,8.0,21,0,10,1
2,74,18415.0,10,False,4.0,23,0,15,0
9,72,18711.0,10,False,3.0,25,1,27,0
1,63,15598.0,1,False,1.0,20,0,6,1
1,67,24644.0,3,False,2.0,27,1,13,0
2,72,8300.0,9,False,2.0,17,0,81,1
1,75,21425.0,7,False,8.0,25,0,98,0
1,82,8300.0,8,False,1.0,17,0,10,1
1,100,15693.0,9,False,7.0,25,0,96,0
10,71,28112.0,10,False,2.0,21,0,25,0
7,90,15832.0,7,False,1.0,30,1,13,0
7,60,28236.0,6,False,2.0,17,0,80,1
4,88,19691.0,10,False,2.0,24,0,14,1
5,86,8300.0,2,False,13.0,17,1,79,1
5,66,13515.0,8,False,9.0,21,0,9,1
6,98,8300.0,3,True,4.0,27,0,20,1
2,82,27751.0,10,False,1.0,22,1,71,0
8,69,19312.0,3,False,13.0,20,1,76,1
2,61,13283.0,7,False,1.0,18,1,77,1
2,84,36087.0,4,False,1.0,21,0,100,0
2,93,28700.0,3,True,3.0,18,1,85,0
7,79,8300.0,3,True,5.0,21,0,100,1
7,87,14008.0,10,False,2.0,21,1,92,1
9,95,18657.0,6,False,6.0,18,1,23,0
10,78,19268.0,5,False,8.0,17,0,19,0
7,63,27998.0,4,False,7.0,17,1,88,1
6,96,25696.0,4,True,5.0,27,0,91,0
6,90,18874.0,10,False,11.0,23,0,89,1
9,85,21803.0,10,False,3.0,27,0,18,0
8,89,32062.0,8,False,1.0,17,0,77,0
2,70,15898.0,9,True,1.0,23,0,96,0
8,90,8300.0,4,True,5.0,17,1,16,1
4,72,30557.0,4,False,3.0,17,0,77,1
7,94,12428.0,9,False,10.0,17,1,91,0
9,100,38380.0,2,False,1.0,21,1,14,0
10,60,22910.0,1,False,3.0,17,1,83,1
10,87,35365.0,10,True,4.0,20,1,22,1
10,63,11499.0,10,False,1.0,30,1,77,1
1,88,24339.0,10,False,6.0,19,1,87,1
6,62,8300.0,9,False,4.0,17,1,92,1
5,94,23963.0,6,False,5.0,17,1,22,0
5,63,21914.0,2,False,1.0,25,1,75,1
4,60,16492.0,10,True,4.0,20,0,11,0
10,97,24757.0,10,True,1.0,19,0,17,0
1,66,22436.0,10,False,16.0,18,1,19,1
1,99,9268.0,8,False,12.0,17,1,11,1
2,66,24744.0,6,False,1.0,18,0,72,0
4,73,28323.0,7,False,8.0,17,0,74,0
8,74,8300.0,6,False,4.0,26,1,22,0
6,82,24291.0,4,False,1.0,17,1,71,0
5,78,8300.0,5,True,1.0,26,0,9,0
1,95,17053.0,4,False,15.0,25,0,30,1
3,66,16025.0,10,False,4.0,22,1,92,1
7,77,8300.0,4,True,1.0,17,1,70,1
5,100,15984.0,10,False,1.0,18,0,96,0
4,63,34702.0,10,False,1.0,25,1,78,1
8,98,8300.0,5,False,4.0,26,0,22,0
1,62,18751.0,9,False,1.0,17,1,15,1
10,96,23017.0,10,True,7.0,23,1,12,0
9,89,12035.0,6,False,1.0,17,0,6,0
7,78,18416.0,8,False,4.0,17,1,27,0
7,77,8300.0,8,True,1.0,17,0,86,0
9,74,21201.0,8,False,7.0,22,1,77,1
1,65,22523.0,4,False,7.0,29,0,8,1
7,88,8300.0,10,False,6.0,17,1,11,0
2,65,8300.0,10,False,3.0,26,1,11,1
6,62,11829.0,4,True,5.0,23,1,81,1
2,87,16681.0,9,True,11.0,26,1,13,1
4,93,32721.0,5,False,11.0,29,1,70,0
9,93,28876.0,10,False,1.0,21,0,26,0
9,97,21461.0,8,True,6.0,21,1,20,0
4,81,9416.0,6,False,6.0,25,0,23,0
7,93,28624.0,4,False,4.0,21,0,1,1
5,84,8745.0,10,True,6.0,19,1,11,0
3,86,18898.0,10,False,2.0,30,1,10,1
3,84,16145.0,7,False,5.0,17,0,90,0
3,71,17905.0,6,False,12.0,17,0,9,0
9,75,9373.0,5,False,7.0,23,1,70,1
2,75,15062.0,10,False,1.0,28,0,70,0
5,87,26949.0,9,False,2.0,28,1,26,0
8,61,17978.0,3,False,3.0,17,1,86,1
2,88,28795.0,5,False,15.0,19,0,6,1
7,63,27290.0,1,True,4.0,17,0,13,1
6,90,41418.0,4,True,1.0,17,1,1,1
9,85,23180.0,6,False,1.0,29,0,27,0
2,61,12364.0,5,False,6.0,24,0,25,1
9,72,27466.0,10,False,1.0,17,1,79,1
7,84,30837.0,8,False,6.0,19,0,12,0
9,77,20701.0,7,False,4.0,19,1,95,0
1,63,12930.0,8,False,1.0,26,1,73,1
7,73,11646.0,7,False,2.0,20,1,20,1
10,64,8300.0,3,False,1.0,17,0,7,1
2,100,8300.0,10,False,5.0,22,0,9,1
7,72,8300.0,2,True,1.0,23,1,73,1
7,94,24964.0,10,False,7.0,25,1,77,0
1,61,14155.0,10,True,8.0,22,0,3,1
1,81,21659.0,9,False,3.0,17,0,74,0
9,70,29303.0,10,False,10.0,24,0,96,0
5,64,19409.0,4,False,14.0,24,0,6,1
2,62,21211.0,10,False,4.0,17,1,91,1
2,89,18065.0,9,False,4.0,17,1,4,1
1,100,21960.0,10,False,15.0,30,0,24,1
5,94,8300.0,10,True,13.0,18,0,86,0
8,67,12402.0,3,False,4.0,17,1,13,0
4,76,19535.0,3,False,1.0,22,0,74,0
1,61,16517.0,8,False,1.0,18,0,76,1
9,100,20906.0,10,False,4.0,21,0,29,0
4,91,35702.0,9,False,6.0,20,1,74,1
10,73,18399.0,6,False,3.0,17,0,72,0
8,100,18338.0,7,False,7.0,17,0,1,0
2,67,25983.0,10,True,8.0,17,0,4,1
2,90,11090.0,10,False,4.0,17,1,74,0
10,71,31287.0,3,False,1.0,21,0,1,1
6,94,19376.0,10,False,9.0,27,1,30,0
2,94,19293.0,10,False,4.0,19,1,18,0
6,73,21288.0,8,False,4.0,18,1,20,1
7,92,20759.0,6,False,4.0,24,0,80,1
7,71,8300.0,3,False,5.0,24,0,23,1
9,80,26480.0,9,False,1.0,21,1,99,0
10,71,8493.0,1,False,1.0,29,0,27,1
6,94,11128.0,7,False,2.0,17,1,21,1
1,84,16300.0,8,False,10.0,21,0,30,1
2,76,35635.0,10,False,3.0,21,0,86,0
9,95,19683.0,9,True,5.0,17,0,75,0
5,75,8955.0,1,False,1.0,22,1,13,1
4,60,15046.0,7,False,4.0,17,1,22,0
8,77,12587.0,10,False,8.0,25,0,30,0
3,72,13539.0,2,False,5.0,18,0,5,0
9,71,33116.0,7,False,8.0,19,0,23,0
9,98,23813.0,6,False,5.0,17,1,72,0
8,100,8300.0,10,True,1.0,19,0,94,0
3,61,20512.0,10,True,6.0,26,0,82,0
3,78,23247.0,8,False,3.0,21,0,93,1
9,91,15279.0,10,False,3.0,30,1,87,0
1,85,8300.0,3,False,13.0,23,0,78,0
9,69,20116.0,5,False,4.0,21,1,11,1
1,98,31488.0,10,False,8.0,25,0,88,0
8,86,44517.0,10,False,1.0,20,0,18,0
8,81,26729.0,4,False,1.0,17,0,6,0
5,95,25533.0,8,False,6.0,19,0,85,1
2,95,37189.0,1,False,1.0,23,0,17,0
2,98,23347.0,9,False,1.0,22,0,27,0
8,93,21984.0,8,False,8.0,17,0,13,0
6,81,11450.0,10,False,3.0,22,0,97,0
10,90,10158.0,6,False,7.0,25,1,12,0
1,65,8300.0,9,False,5.0,17,0,14,1
1,85,8300.0,6,False,1.0,25,0,12,1
9,91,18461.0,10,False,9.0,26,0,20,0
9,89,24145.0,8,False,1.0,17,0,92,0
6,100,21675.0,7,False,15.0,19,0,74,1
3,85,29994.0,6,False,1.0,19,0,27,0
5,66,22736.0,6,False,3.0,29,1,82,1
10,97,35268.0,10,True,1.0,27,0,99,1
10,66,24766.0,6,False,1.0,17,1,85,0
2,76,8300.0,4,True,1.0,23,1,29,1
2,88,27201.0,10,False,4.0,17,1,87,0
3,64,21085.0,10,True,1.0,23,1,3,1
2,84,8300.0,5,True,12.0,17,1,83,0
1,81,21957.0,9,False,1.0,31,0,30,1
4,60,8300.0,2,False,1.0,17,1,84,1
5,81,26931.0,4,False,14.0,24,1,16,1
1,63,19890.0,3,False,1.0,23,1,25,1
7,70,20745.0,10,True,8.0,17,1,74,0
1,64,23942.0,10,True,1.0,27,0,98,1
1,80,19332.0,10,False,11.0,25,1,84,1
2,65,8300.0,7,False,1.0,22,0,16,1
10,79,8322.0,4,False,1.0,19,1,72,1
1,81,15444.0,10,False,1.0,28,1,4,1
6,98,21343.0,10,False,5.0,22,1,16,1
5,68,18564.0,9,True,12.0,20,1,1,1
3,82,21092.0,10,False,4.0,17,1,14,0
6,83,29301.0,10,True,8.0,19,0,93,0
9,90,12207.0,6,False,5.0,28,0,2,1
7,73,23522.0,4,False,12.0,17,1,26,1
1,87,8300.0,10,False,1.0,24,1,16,1
3,89,14199.0,10,False,1.0,19,0,2,1
7,86,8300.0,4,False,1.0,26,1,26,1
10,92,29053.0,5,False,1.0,22,0,86,1
1,78,12303.0,10,False,1.0,27,1,84,0
10,90,14159.0,6,True,8.0,19,1,80,0
5,62,10099.0,10,False,1.0,20,1,2,0
10,98,24841.0,3,False,5.0,18,1,4,1
8,93,12329.0,10,False,7.0,25,1,91,0
7,96,23637.0,10,False,3.0,17,1,78,0
8,73,14527.0,10,False,9.0,21,0,12,0
7,72,21154.0,7,False,7.0,22,1,89,0
7,82,29595.0,6,False,3.0,18,0,11,0
2,84,8300.0,1,True,1.0,20,1,70,1
1,79,38889.0,5,False,15.0,27,0,71,1
1,60,36095.0,5,False,2.0,17,1,19,1
5,90,34116.0,8,False,1.0,29,1,14,0
2,100,20849.0,10,False,15.0,17,0,5,1
4,97,8300.0,1,False,2.0,18,1,86,1
2,94,15180.0,4,False,1.0,18,0,3,1
10,88,14773.0,3,False,6.0,21,1,6,0
1,77,21021.0,7,False,2.0,17,1,75,0
1,77,8300.0,7,False,7.0,18,1,28,1
9,61,12617.0,10,False,4.0,17,0,15,1
10,99,24860.0,9,True,1.0,29,1,29,0
1,100,8300.0,10,True,1.0,23,1,12,1
6,66,35407.0,9,False,1.0,17,1,1,0
7,61,10371.0,2,False,4.0,17,1,17,1
4,63,19328.0,8,False,1.0,27,0,24,0
2,65,21516.0,9,True,13.0,17,0,76,0
6,100,21533.0,9,False,8.0,18,0,10,1
5,71,21266.0,5,True,1.0,17,1,12,1
2,72,8300.0,9,False,4.0,28,0,84,1
2,96,8300.0,3,True,1.0,22,0,28,1
9,60,14836.0,5,False,5.0,24,0,23,1
4,80,19137.0,9,False,6.0,25,1,77,1
10,68,23608.0,9,False,1.0,22,0,80,0
1,62,17923.0,10,False,4.0,20,0,100,1
9,85,30224.0,10,False,11.0,22,0,13,0
1,73,15651.0,8,False,7.0,20,0,7,0
2,61,25739.0,6,False,1.0,17,1,10,0
2,64,32038.0,6,False,4.0,17,1,94,1
5,75,19681.0,3,True,4.0,17,1,89,0
8,83,10290.0,9,False,1.0,17,0,99,0
5,80,14107.0,8,False,1.0,24,1,4,0
1,85,28926.0,6,True,5.0,18,1,5,0
2,64,13293.0,4,True,8.0,33,1,3,1
1,95,26539.0,9,False,4.0,17,0,1,1
9,77,20303.0,5,True,1.0,27,1,25,0
2,93,11948.0,3,False,6.0,24,0,14,0
3,75,28092.0,4,False,7.0,21,1,29,0
3,76,15638.0,8,True,1.0,20,0,6,0
10,63,24237.0,3,True,7.0,20,1,23,1
5,91,20696.0,10,False,1.0,19,0,2,0
6,67,26315.0,9,False,4.0,30,1,71,0
9,93,17705.0,7,False,1.0,17,1,95,0
6,68,33695.0,7,False,1.0,17,1,93,1
7,80,14674.0,6,False,12.0,23,1,11,0
1,83,27217.0,10,False,3.0,19,0,2,1
5,72,25009.0,9,False,6.0,19,1,27,1
8,98,21650.0,3,False,6.0,23,1,3,1
9,99,14747.0,10,False,1.0,28,0,22,0
4,77,10197.0,10,False,10.0,17,0,27,0
3,98,17069.0,1,False,13.0,20,1,17,1
1,73,25585.0,10,False,1.0,18,0,88,0
7,84,18643.0,6,False,4.0,17,1,70,0
8,96,17414.0,9,False,1.0,26,0,28,0
1,83,21471.0,1,False,1.0,20,0,4,1
1,73,16292.0,10,False,9.0,22,1,83,0
5,70,8300.0,10,False,4.0,18,0,70,1
10,75,14430.0,2,False,3.0,17,1,27,0
4,87,25376.0,10,True,1.0,21,0,17,0
8,83,34798.0,6,True,1.0,17,0,14,1
3,77,8300.0,10,False,8.0,17,0,87,0
1,60,23862.0,8,False,5.0,25,1,18,1
10,79,46498.0,9,False,4.0,17,0,8,0
10,82,12615.0,7,False,1.0,26,0,8,0
1,61,19697.0,10,False,5.0,17,1,17,1
2,65,17481.0,7,True,1.0,20,1,4,1
2,64,24561.0,5,False,1.0,22,1,96,1
1,86,17187.0,10,False,1.0,17,0,10,0
8,64,14724.0,10,False,7.0,24,0,93,0
1,74,17684.0,8,False,1.0,17,0,3,1
6,79,45062.0,9,False,6.0,32,1,75,0
8,72,42741.0,1,False,3.0,21,1,100,0
9,100,22589.0,6,False,1.0,25,0,15,0
5,86,15125.0,10,False,11.0,18,1,96,0
6,88,14565.0,5,False,8.0,21,1,8,0
5,75,19073.0,10,False,5.0,26,0,23,1
7,73,8300.0,10,True,1.0,17,1,30,0
10,100,19981.0,3,False,2.0,20,1,10,0
2,62,8300.0,10,False,11.0,18,0,88,0
1,77,26075.0,5,True,8.0,22,0,18,0
1,74,32035.0,9,False,2.0,18,0,25,0
6,64,19355.0,8,False,5.0,22,0,8,0
7,91,29360.0,10,True,1.0,20,1,29,0
3,91,8300.0,1,False,1.0,26,0,20,1
2,64,22098.0,10,False,14.0,17,0,88,1
2,93,18296.0,10,False,6.0,18,0,26,0
2,98,26495.0,10,False,10.0,32,0,93,1
9,75,26251.0,10,True,1.0,27,0,77,1
6,85,8300.0,8,True,4.0,25,1,5,0
6,62,24443.0,10,False,5.0,17,0,80,0
10,80,22724.0,8,False,1.0,17,1,94,0
1,76,19768.0,6,False,2.0,17,0,78,0
6,74,8300.0,4,False,1.0,17,0,22,1
7,98,26322.0,6,False,1.0,18,0,29,1
9,72,26524.0,10,False,7.0,17,0,11,0
3,91,16410.0,10,False,3.0,17,0,74,0
2,86,20839.0,5,True,1.0,26,1,16,1
2,84,8300.0,6,False,19.0,19,1,8,1
1,64,30843.0,8,True,13.0,30,0,19,1
7,80,27849.0,2,True,2.0,17,1,3,1
1,61,15804.0,10,False,7.0,22,1,85,1
8,85,13513.0,10,False,7.0,17,1,14,1
10,93,17231.0,9,False,9.0,27,0,5,1
4,61,25010.0,2,True,2.0,17,0,24,1
1,64,18560.0,3,False,1.0,21,0,73,1
3,92,16161.0,8,False,1.0,21,0,77,0
5,63,16463.0,2,False,1.0,20,0,30,1
10,82,20445.0,10,False,1.0,21,0,3,1
4,100,27324.0,10,False,1.0,19,0,97,0
7,80,8300.0,1,True,1.0,17,0,75,1
3,62,18862.0,1,False,5.0,26,1,94,1
6,85,8300.0,4,False,2.0,17,0,19,1
10,95,19400.0,10,False,4.0,28,0,28,0
5,68,22969.0,3,False,9.0,21,1,2,1
3,78,20145.0,9,False,5.0,25,1,88,0
2,62,10219.0,10,False,6.0,19,0,12,1
1,82,10308.0,8,True,1.0,22,0,23,1
10,62,8300.0,10,False,4.0,17,1,81,1
1,64,22679.0,10,True,10.0,21,0,3,1
4,63,8616.0,3,False,1.0,25,0,30,1
10,65,8300.0,10,False,7.0,17,0,84,1
3,85,31407.0,9,False,1.0,20,0,23,0
7,98,31798.0,7,False,6.0,22,0,88,0
7,84,18340.0,2,False,1.0,25,0,91,1
2,81,18654.0,3,False,15.0,20,1,97,1
3,90,8300.0,10,False,2.0,17,0,80,0
4,60,21834.0,10,False,1.0,21,1,28,0
8,75,8300.0,5,False,1.0,19,1,16,0
6,90,24908.0,3,True,11.0,24,1,2,1
7,97,25378.0,9,True,2.0,27,1,16,1
5,62,8300.0,2,False,6.0,17,0,21,1
3,79,20797.0,4,False,1.0,22,0,1,1
2,78,36099.0,10,False,3.0,17,1,23,0
6,65,22983.0,6,False,4.0,17,1,14,0
9,100,19998.0,7,False,1.0,17,1,74,0
7,72,20465.0,10,False,10.0,24,1,28,1
8,96,8300.0,7,True,1.0,17,1,13,0
2,63,15905.0,9,True,9.0,29,0,23,1
9,68,32297.0,2,False,3.0,17,0,79,0
6,98,14437.0,8,True,1.0,18,1,86,0
5,73,12246.0,9,True,1.0,19,1,1,0
1,60,15765.0,5,False,1.0,21,0,94,1
9,92,13399.0,4,False,3.0,20,1,25,0
7,89,8300.0,9,False,2.0,19,0,19,1
10,86,22367.0,4,False,1.0,25,0,23,0
8,88,13740.0,7,True,6.0,17,1,21,1
1,79,23757.0,8,False,10.0,19,0,1,1
7,76,25647.0,4,False,1.0,17,0,86,0
6,91,9003.0,10,False,11.0,18,0,99,0
2,82,26503.0,10,False,11.0,21,0,4,1
5,98,18520.0,9,False,2.0,17,1,27,0
1,63,15138.0,10,False,3.0,23,1,11,1
1,98,17713.0,6,False,8.0,19,1,22,0
6,77,19660.0,8,False,5.0,17,0,27,0
3,62,12186.0,9,False,1.0,19,0,23,0
9,72,13323.0,1,True,4.0,25,1,30,0
5,68,12247.0,5,False,7.0,31,1,79,1
1,66,29572.0,9,False,1.0,20,0,76,1
4,60,13220.0,6,False,8.0,17,0,100,0
4,63,19082.0,7,False,4.0,17,0,1,1
4,88,26368.0,5,False,7.0,18,1,27,1
1,85,13463.0,3,False,1.0,17,1,1,1
9,87,22997.0,10,False,3.0,17,0,15,1
7,65,29326.0,5,False,3.0,17,0,22,0
2,86,17156.0,10,False,1.0,19,0,1,1
9,65,11871.0,3,False,5.0,17,1,2,1
1,79,8300.0,10,True,4.0,17,0,4,1
7,99,12131.0,10,True,4.0,17,0,30,0
9,73,31375.0,8,False,3.0,18,0,6,0
1,68,18164.0,8,False,1.0,18,0,11,0
2,95,26520.0,10,False,8.0,18,1,8,0
9,63,8300.0,10,False,1.0,17,1,80,0
1,63,27072.0,1,False,1.0,17,1,21,1
2,64,23703.0,8,False,8.0,17,0,16,1
1,71,24339.0,10,False,10.0,22,1,99,1
1,62,20049.0,10,False,2.0,20,1,93,1
2,73,24752.0,6,True,2.0,23,1,1,1
6,95,15457.0,7,True,3.0,30,0,3,1
4,93,25769.0,10,False,11.0,17,0,83,0
3,97,24053.0,10,True,1.0,17,1,28,0
4,72,13143.0,10,False,3.0,20,1,74,1
6,64,14784.0,3,False,9.0,23,1,16,1
4,91,30603.0,1,False,2.0,17,0,88,1
5,68,32153.0,1,True,3.0,17,1,23,0
7,71,35549.0,10,False,1.0,17,0,90,1
1,86,8300.0,10,False,11.0,18,1,98,0
7,65,18234.0,2,False,11.0,23,0,28,1
7,97,23572.0,9,False,2.0,21,1,25,1
9,90,12299.0,10,False,6.0,27,1,83,0
1,77,18170.0,10,False,9.0,23,0,1,1
7,67,21095.0,10,False,6.0,23,1,74,0
2,60,22584.0,10,True,1.0,27,0,93,1
4,72,8300.0,5,False,1.0,18,0,22,0
4,94,16973.0,8,False,1.0,26,1,20,0
1,77,25537.0,6,False,5.0,26,0,12,1
3,64,32051.0,10,False,6.0,17,0,88,0
1,60,20721.0,10,False,10.0,17,0,93,1
2,82,8300.0,10,False,1.0,23,0,92,1
4,99,8300.0,10,False,5.0,27,0,80,0
10,80,35522.0,8,False,3.0,25,0,29,0
2,60,16777.0,6,False,3.0,20,0,24,1
1,73,8300.0,10,False,5.0,17,0,20,1
5,99,17832.0,8,False,2.0,31,1,6,1
1,86,23803.0,6,False,12.0,30,1,10,1
2,92,27511.0,10,False,1.0,17,0,83,0
1,70,24128.0,1,False,15.0,24,1,30,0
2,79,17657.0,10,False,1.0,22,1,78,1
2,95,14276.0,10,False,5.0,20,0,77,1
10,85,20322.0,8,True,7.0,19,1,12,0
9,78,25301.0,10,True,8.0,20,1,71,0
3,94,21389.0,5,False,1.0,24,1,6,0
7,85,26759.0,7,False,8.0,25,0,90,0
2,67,30342.0,10,True,11.0,17,0,70,1
2,63,18622.0,6,False,1.0,19,0,72,1
10,80,9800.0,6,True,1.0,18,1,30,1
2,86,14889.0,6,False,1.0,24,0,4,1
4,74,8300.0,7,False,11.0,20,0,79,0
3,62,10542.0,3,True,2.0,17,1,8,1
10,61,36954.0,8,False,9.0,17,1,92,0
3,86,32752.0,10,True,6.0,17,0,28,0
6,80,33161.0,7,False,13.0,17,1,29,1
5,96,13773.0,4,False,5.0,18,1,4,1
1,91,28965.0,1,True,5.0,23,0,2,1
6,85,8300.0,5,False,1.0,23,0,13,1
6,94,8300.0,6,False,11.0,19,1,91,0
7,69,19580.0,4,True,6.0,29,1,28,0
6,76,8836.0,9,False,1.0,19,0,5,0
6,63,25587.0,3,False,1.0,21,0,15,1
8,60,25401.0,10,False,1.0,17,1,20,0
8,91,14560.0,7,False,1.0,17,0,16,1
6,86,16342.0,6,False,2.0,25,0,88,0
10,83,24308.0,10,True,6.0,31,0,95,0
5,61,11168.0,4,True,4.0,23,0,18,1
7,85,31252.0,10,False,5.0,26,1,7,0
9,65,8300.0,5,False,1.0,32,0,73,1
10,65,24801.0,3,False,13.0,23,0,85,0
9,61,17779.0,9,True,6.0,22,0,75,0
4,88,17117.0,5,True,5.0,18,0,17,1
6,81,14215.0,3,True,3.0,21,1,17,0
5,68,36956.0,5,True,2.0,18,1,93,1
4,60,12206.0,8,False,6.0,27,1,77,1
5,87,26809.0,9,False,1.0,19,0,74,0
6,93,8300.0,6,False,7.0,19,0,20,1
6,95,26956.0,10,False,5.0,21,0,28,0
1,91,27493.0,8,True,2.0,17,1,85,0
2,69,8300.0,6,False,5.0,22,1,77,1
3,85,26262.0,10,False,3.0,18,0,94,0
6,100,22213.0,10,False,6.0,20,0,93,0
2,99,21708.0,10,False,5.0,17,1,95,1
10,77,22800.0,3,False,1.0,18,0,7,0
8,77,11959.0,10,True,2.0,17,1,72,1
8,84,23691.0,1,False,1.0,19,1,85,0
4,70,12543.0,3,False,1.0,19,1,92,0
5,74,17267.0,8,False,2.0,22,0,93,0
4,63,22779.0,2,True,5.0,26,1,8,1
5,70,8300.0,9,False,6.0,21,0,99,1
2,77,16739.0,3,True,9.0,28,0,2,1
2,100,29930.0,5,False,1.0,25,1,7,1
7,93,29495.0,6,False,4.0,19,0,72,0
4,91,40998.0,10,False,3.0,21,0,80,0
5,79,27621.0,8,False,1.0,19,0,18,1
1,65,15915.0,10,False,1.0,25,0,88,0
9,100,11012.0,10,False,7.0,17,1,99,0
8,60,8300.0,7,True,8.0,21,1,72,1
1,79,18926.0,6,False,6.0,28,0,93,0
4,90,26076.0,7,True,4.0,23,0,81,1
8,64,12075.0,10,False,1.0,17,0,84,0
10,65,17886.0,2,False,3.0,23,1,24,1
7,82,14860.0,6,True,12.0,17,0,19,0
1,90,8300.0,7,False,2.0,22,1,82,1
2,83,13293.0,4,True,1.0,17,1,24,0
3,77,8300.0,10,False,1.0,38,1,70,0
8,68,29016.0,6,False,4.0,17,0,22,1
2,72,8300.0,10,False,11.0,17,0,8,1
5,90,22497.0,10,True,8.0,21,1,81,1
2,61,20351.0,10,False,9.0,17,0,4,1
4,82,16165.0,10,False,1.0,17,1,71,0
2,69,8300.0,10,True,9.0,17,0,96,1
3,90,29480.0,6,False,2.0,17,1,7,0
4,78,8300.0,8,False,1.0,28,0,78,0
1,68,13837.0,10,False,4.0,18,0,75,0
7,76,16767.0,9,True,5.0,20,0,92,0
3,97,22621.0,7,False,7.0,31,0,22,0
7,80,21145.0,7,False,2.0,24,0,30,0
9,84,25252.0,10,False,13.0,24,1,13,1
1,69,8300.0,10,False,4.0,18,0,3,1
6,67,16836.0,8,False,1.0,23,1,92,1
1,92,8300.0,7,False,2.0,22,0,15,1
10,74,13065.0,8,False,8.0,25,1,71,1
3,66,20220.0,6,False,1.0,17,0,75,0
9,89,29174.0,4,False,15.0,17,1,15,1
8,89,31924.0,10,False,2.0,25,1,70,0
8,64,39931.0,10,True,4.0,27,1,80,0
6,87,8690.0,10,False,4.0,19,1,23,0
10,82,21671.0,5,True,7.0,17,1,96,1
1,74,19489.0,4,False,9.0,25,0,98,1
1,75,8300.0,4,False,7.0,27,0,96,1
4,87,8300.0,10,False,1.0,19,1,89,0
1,74,35004.0,10,False,1.0,22,0,2,1
6,68,24645.0,8,False,1.0,17,1,73,0
8,74,14303.0,6,True,10.0,17,0,93,0
1,96,25357.0,5,False,15.0,17,0,91,1
2,97,33969.0,10,True,5.0,25,1,82,1
7,91,32491.0,6,False,1.0,17,1,81,1
8,91,19080.0,7,False,3.0,17,0,21,1
9,75,23234.0,8,False,4.0,17,0,26,0
3,61,35346.0,1,False,3.0,20,0,94,1
10,66,36584.0,1,True,1.0,24,1,2,1
9,71,12592.0,5,True,10.0,17,0,92,1
3,78,21995.0,10,False,1.0,17,0,99,1
2,92,34975.0,6,False,4.0,19,0,16,1
7,63,32664.0,4,False,1.0,17,1,79,1
7,100,11706.0,10,False,13.0,23,1,96,0
7,94,8300.0,9,False,1.0,21,1,80,1
1,65,24714.0,10,False,4.0,23,1,27,0
9,86,8300.0,6,True,1.0,17,1,10,0
9,80,29421.0,3,False,1.0,23,0,24,0
6,65,13695.0,10,True,1.0,28,1,11,0
2,94,13559.0,10,True,13.0,17,1,87,1
7,82,32951.0,6,True,6.0,19,0,97,1
1,68,12948.0,1,False,8.0,21,0,8,1
2,89,27897.0,5,False,5.0,26,1,6,1
8,72,17929.0,2,False,6.0,20,0,98,0
8,66,18456.0,8,False,1.0,21,1,28,0
1,75,8300.0,1,False,6.0,17,1,6,1
2,87,8300.0,5,True,8.0,17,1,94,1
1,94,8300.0,7,False,7.0,31,1,95,1
10,60,26572.0,8,False,8.0,29,1,72,1
1,66,25535.0,1,False,1.0,17,0,25,0
10,61,13998.0,1,False,1.0,17,1,99,1
9,64,29206.0,3,True,1.0,24,1,94,1
6,100,23583.0,10,True,1.0,26,1,21,1
6,62,28796.0,2,False,1.0,17,1,5,1
1,78,18520.0,8,False,1.0,21,0,85,0
3,69,21956.0,6,True,1.0,22,1,80,0
5,74,36878.0,6,True,8.0,18,1,2,0
10,79,20214.0,10,True,1.0,17,1,15,0
1,67,33531.0,10,False,1.0,22,0,90,0
5,61,20702.0,9,False,11.0,17,1,1,0
9,63,23886.0,5,False,11.0,22,1,9,0
8,71,23438.0,4,False,1.0,17,1,91,0
8,62,34381.0,10,False,1.0,17,1,28,0
1,72,25843.0,10,True,6.0,17,1,22,0
8,95,15170.0,2,False,1.0,17,0,25,0
10,81,15241.0,8,True,2.0,19,0,25,0
6,75,22213.0,10,False,1.0,17,1,16,0
5,85,8300.0,6,True,1.0,27,1,70,0
10,82,17314.0,6,False,2.0,18,0,80,0
8,70,8620.0,10,True,1.0,28,0,22,0
8,90,15257.0,2,False,8.0,17,0,12,0
7,65,22223.0,8,False,1.0,19,0,98,0
10,66,21417.0,10,False,1.0,23,0,17,0
7,66,25544.0,3,False,1.0,19,1,24,0
5,93,8300.0,2,False,14.0,17,1,71,1
8,73,11931.0,4,False,3.0,28,1,5,1
1,60,15320.0,10,False,8.0,22,0,96,1
10,64,21654.0,4,True,9.0,19,0,74,1
7,98,17843.0,4,False,5.0,22,1,13,0
2,87,15064.0,7,False,1.0,20,0,20,0
7,91,8300.0,1,True,14.0,21,1,23,1
8,64,16209.0,8,False,4.0,17,1,79,0
5,100,33511.0,5,False,12.0,25,1,22,0
8,84,21053.0,6,True,8.0,24,0,7,1
7,82,8300.0,3,False,3.0,25,0,27,1
2,60,13838.0,10,False,1.0,24,0,96,1
5,62,8300.0,1,False,1.0,22,0,97,1
8,82,16599.0,10,False,1.0,23,1,91,1
10,90,15748.0,8,False,1.0,27,0,71,1
7,77,26810.0,9,False,1.0,21,0,76,0
7,82,19764.0,10,False,11.0,20,1,95,0
1,73,13173.0,9,False,1.0,17,1,19,0
2,76,8300.0,4,False,2.0,23,0,93,1
7,87,21192.0,8,False,6.0,36,1,26,1
1,84,14158.0,8,True,7.0,17,1,24,0
6,76,8300.0,2,True,2.0,31,0,7,1
9,85,10517.0,5,False,6.0,19,0,22,1
5,91,21986.0,10,False,4.0,17,1,70,1
7,81,22511.0,10,True,8.0,24,0,82,0
2,97,8300.0,7,False,2.0,22,0,71,1
4,85,8559.0,10,False,9.0,27,1,87,1
2,71,9986.0,2,False,4.0,22,0,73,0
10,70,8300.0,4,False,3.0,22,0,12,1
3,64,13401.0,10,True,4.0,25,1,24,0
2,91,26853.0,8,False,2.0,17,0,10,0
10,66,8300.0,10,False,8.0,17,0,20,0
10,70,24413.0,10,False,10.0,28,1,87,0
9,65,29259.0,9,False,11.0,17,0,29,0
2,64,12101.0,8,False,1.0,17,0,22,1
8,61,15405.0,4,True,2.0,24,0,1,1
6,73,15245.0,2,False,11.0,26,0,90,0
2,70,8934.0,10,False,6.0,17,0,74,1
6,92,22013.0,4,True,4.0,30,0,13,1
1,73,15159.0,4,False,7.0,20,1,81,0
4,72,9718.0,10,False,10.0,23,1,92,0
5,97,9705.0,1,False,12.0,23,1,92,1
3,97,12012.0,4,True,1.0,28,1,1,1
2,92,8300.0,2,False,1.0,19,0,29,1
7,61,22718.0,4,False,1.0,18,0,80,1
10,64,15749.0,4,False,13.0,25,1,98,1
9,66,8300.0,10,False,4.0,21,0,4,0
1,75,26777.0,10,True,4.0,22,1,96,0
8,68,26850.0,8,False,5.0,23,1,27,0
3,89,41389.0,10,False,5.0,19,1,94,0
1,64,19960.0,10,False,3.0,23,1,95,1
1,86,23590.0,10,True,6.0,21,1,27,0
7,97,8300.0,3,False,1.0,17,1,79,1
4,85,21941.0,10,True,1.0,17,0,1,0
9,94,8300.0,5,True,2.0,17,1,79,0
8,63,40063.0,10,False,1.0,19,1,18,0
3,68,26451.0,1,False,1.0,17,0,10,1
8,83,20922.0,6,False,1.0,17,0,21,0
5,87,9829.0,10,False,1.0,21,1,23,1
9,68,16444.0,10,False,2.0,17,0,88,0
3,100,13423.0,2,False,1.0,24,1,28,0
6,89,23084.0,7,True,1.0,20,1,75,0
10,74,22894.0,9,False,3.0,17,1,90,0
7,67,19563.0,9,False,10.0,17,0,94,0
4,60,33211.0,2,False,1.0,27,1,13,1
4,73,37161.0,7,True,1.0,17,1,83,0
9,79,8300.0,4,True,7.0,21,1,78,1
2,78,13787.0,1,False,8.0,17,1,1,1
3,66,34705.0,6,False,5.0,17,1,91,0
4,100,8300.0,1,False,6.0,22,0,76,1
3,72,24349.0,4,True,3.0,17,1,75,0
8,86,8300.0,3,False,1.0,22,0,84,1
2,74,10010.0,10,False,11.0,17,0,85,1
5,69,27538.0,10,False,5.0,19,1,5,0
7,69,25177.0,4,False,13.0,17,0,9,1
8,72,23654.0,9,False,5.0,24,1,81,0
7,66,16448.0,10,False,1.0,24,1,100,0
8,62,17341.0,6,False,5.0,17,0,76,1
7,95,15030.0,8,True,4.0,17,1,88,0
5,98,8300.0,9,False,1.0,27,0,97,0
3,87,30586.0,10,False,3.0,24,1,78,0
2,87,16198.0,10,False,1.0,19,0,98,1
5,72,15284.0,7,False,8.0,19,0,11,1
9,86,8300.0,4,True,2.0,17,0,73,1
2,87,8300.0,5,False,1.0,17,1,83,1
2,81,28138.0,8,False,4.0,19,1,95,1
6,92,16624.0,1,False,1.0,23,0,5,1
8,100,8300.0,1,False,8.0,24,1,90,1
8,63,23034.0,1,False,1.0,25,1,5,1
5,75,13856.0,10,False,6.0,18,1,70,0
9,82,24023.0,5,False,11.0,17,0,27,1
9,64,32719.0,3,False,1.0,22,1,91,1
8,97,32334.0,2,False,1.0,26,0,74,0
8,71,8300.0,10,False,2.0,23,1,94,1
5,72,35978.0,10,False,3.0,23,1,77,1
4,99,20127.0,3,False,6.0,20,1,24,0
2,95,33529.0,5,False,6.0,20,1,90,0
3,93,8300.0,7,False,2.0,19,0,1,0
8,94,18506.0,1,True,1.0,22,1,83,1
1,78,26085.0,10,False,11.0,27,0,94,1
2,61,8699.0,5,False,1.0,18,1,75,1
2,93,14107.0,5,False,4.0,21,1,28,0
5,83,33659.0,10,False,3.0,27,0,11,1
2,86,8300.0,9,False,12.0,17,0,92,1
10,74,23608.0,3,False,7.0,20,1,1,1
5,64,26064.0,4,True,4.0,22,1,78,1
10,60,27059.0,2,False,1.0,17,1,89,1
3,93,17561.0,9,True,1.0,19,1,74,0
5,75,29013.0,10,False,4.0,30,1,71,0
3,70,29127.0,5,False,1.0,23,0,96,0
1,60,15936.0,10,False,1.0,18,1,93,1
7,100,8300.0,10,False,1.0,25,0,85,1
9,66,8300.0,3,False,6.0,24,0,94,1
7,89,17024.0,6,False,1.0,17,1,12,0
10,98,20712.0,7,False,3.0,17,0,24,0
3,85,28724.0,8,True,1.0,27,0,25,0
4,88,31306.0,4,False,17.0,17,1,79,1
10,75,14756.0,10,False,2.0,17,0,30,1
2,88,22619.0,10,False,2.0,33,1,78,0
2,92,12567.0,7,True,5.0,17,0,6,0
9,76,19104.0,10,False,5.0,27,1,71,1
6,96,21162.0,5,True,13.0,21,0,17,0
2,73,24033.0,10,False,1.0,21,0,84,0
4,71,18850.0,10,False,1.0,17,1,98,1
2,61,21182.0,10,False,4.0,17,0,71,1
5,74,29768.0,10,False,1.0,18,1,100,0
2,86,42191.0,9,True,14.0,17,1,16,1
9,61,8543.0,3,False,12.0,20,0,18,1
5,95,27600.0,4,False,7.0,17,1,18,1
4,69,16689.0,10,False,1.0,26,1,1,0
5,67,24269.0,8,False,7.0,17,0,7,0
5,81,8300.0,3,False,9.0,17,0,30,1
3,66,8300.0,4,True,5.0,17,1,4,1
3,75,35927.0,6,False,7.0,22,1,25,0
10,71,16443.0,5,False,2.0,21,0,20,1
8,77,30248.0,10,False,1.0,17,1,77,1
2,85,11746.0,6,True,6.0,19,0,97,0
2,99,8300.0,1,False,12.0,21,0,13,1
3,92,18567.0,10,False,3.0,20,0,2,0
3,64,19389.0,9,False,3.0,20,1,80,0
4,82,15764.0,6,False,1.0,17,1,22,0
4,100,8300.0,2,False,7.0,17,0,16,1
9,95,20311.0,3,False,12.0,17,0,30,1
8,60,36952.0,5,False,1.0,17,0,93,0
3,68,16586.0,10,False,6.0,27,1,92,0
1,90,26091.0,10,True,7.0,24,1,26,0
1,64,13502.0,8,False,8.0,19,1,81,1
2,93,21881.0,4,False,5.0,28,0,80,1
6,75,19544.0,5,False,10.0,23,1,4,1
3,75,27200.0,4,False,1.0,17,1,4,1
6,98,33366.0,9,False,1.0,18,1,14,0
5,90,29600.0,7,False,8.0,22,1,89,0
2,95,22545.0,3,False,2.0,20,0,20,0
4,86,23190.0,8,False,4.0,22,0,75,0
7,62,26222.0,1,True,1.0,21,0,2,1
10,89,21916.0,9,False,1.0,21,1,9,0
2,65,8300.0,6,True,1.0,23,1,98,1
4,89,12823.0,10,False,1.0,22,0,1,1
6,99,20241.0,5,False,1.0,17,1,92,0
6,61,14639.0,9,True,2.0,26,1,1,0
7,66,18725.0,3,True,5.0,19,1,83,0
9,96,47256.0,10,False,1.0,25,0,5,0
6,83,28609.0,2,True,5.0,21,1,79,1
10,82,8300.0,8,False,4.0,17,1,16,0
6,84,8300.0,1,False,1.0,19,0,100,1
5,84,10092.0,6,True,1.0,17,1,98,0
3,63,16011.0,4,False,7.0,26,0,76,1
1,76,8300.0,10,False,8.0,25,0,1,1
8,63,23928.0,4,False,2.0,17,0,100,1
4,93,29497.0,8,False,1.0,21,0,21,1
10,100,31615.0,10,True,1.0,17,0,25,0
10,65,27487.0,10,False,2.0,19,1,89,0
7,79,25443.0,10,False,4.0,21,0,18,1
1,97,13002.0,10,False,6.0,27,0,92,1
6,99,18553.0,1,True,1.0,17,0,21,0
8,89,24303.0,5,True,8.0,27,1,3,0
4,66,27953.0,10,False,3.0,18,1,76,1
7,97,10262.0,10,False,3.0,23,1,80,0
5,83,24651.0,10,False,1.0,23,0,84,0
7,98,20806.0,4,True,1.0,20,1,25,1
9,76,29657.0,6,False,3.0,18,1,82,1
7,96,21877.0,10,False,3.0,17,1,3,0
9,81,8300.0,7,False,1.0,22,0,29,0
2,60,16417.0,5,True,6.0,19,0,97,1
10,75,18918.0,9,False,4.0,17,1,25,1
5,71,8300.0,2,False,7.0,24,1,15,1
1,69,21980.0,8,False,1.0,21,0,21,1
10,94,17855.0,9,False,1.0,17,0,95,0
7,87,22189.0,6,False,1.0,22,1,8,0
9,97,18546.0,4,False,14.0,25,1,20,1
7,97,35196.0,10,False,10.0,20,1,88,1
5,93,15542.0,10,False,1.0,23,0,97,0
3,63,18685.0,1,False,8.0,20,0,24,1
4,95,8300.0,4,True,1.0,23,1,4,1
3,100,10509.0,10,False,1.0,25,1,75,1
5,60,24392.0,8,True,4.0,22,1,75,1
7,95,13481.0,4,False,3.0,17,0,7,0
5,92,17473.0,5,False,1.0,19,0,99,0
1,99,13104.0,8,True,1.0,17,1,99,0
8,94,11626.0,6,False,1.0,26,0,29,0
6,70,26170.0,8,False,2.0,21,1,20,0
4,89,24002.0,8,False,12.0,19,0,72,0
5,63,16570.0,10,False,10.0,20,0,88,0
1,97,24178.0,10,False,14.0,17,0,74,1
9,77,30580.0,3,False,6.0,25,0,82,1
10,75,8899.0,1,False,1.0,17,0,27,1
9,98,37978.0,10,False,2.0,21,0,91,0
1,93,20675.0,10,False,1.0,22,1,4,1
6,84,26779.0,7,False,8.0,19,1,28,1
8,60,18629.0,10,True,2.0,18,0,71,0
4,75,8486.0,2,False,1.0,20,1,78,1
10,98,29857.0,3,False,1.0,17,0,12,0
8,64,17190.0,10,False,2.0,17,0,76,0
5,79,22823.0,10,False,8.0,18,1,71,0
10,60,21615.0,8,False,1.0,19,1,20,0
5,86,17633.0,10,True,2.0,23,0,28,1
5,67,14130.0,9,False,4.0,17,0,16,0
9,72,26320.0,10,True,3.0,17,0,25,0
6,92,17895.0,10,False,1.0,20,0,24,0
3,90,23684.0,7,False,5.0,19,1,21,1
2,74,14385.0,10,False,1.0,17,1,100,1
3,74,27122.0,10,False,4.0,18,0,75,0
4,70,12779.0,9,False,5.0,23,1,96,1
3,95,15699.0,10,False,5.0,17,0,24,0
10,76,18871.0,4,False,16.0,24,1,86,1
10,71,25172.0,4,True,11.0,17,0,76,1
5,65,29466.0,9,False,12.0,17,0,90,0
4,95,41574.0,9,False,16.0,20,0,77,1
8,63,8300.0,10,False,1.0,22,1,2,0
5,92,13593.0,3,False,12.0,17,1,27,1
2,97,31000.0,6,False,4.0,17,1,4,1
9,80,10686.0,3,False,1.0,25,1,82,0
2,63,16785.0,8,False,1.0,19,0,94,1
2,98,27719.0,10,False,1.0,27,0,94,1
2,60,8300.0,8,False,7.0,23,1,97,1
5,77,20502.0,1,True,6.0,17,0,4,1
2,88,26574.0,8,False,8.0,17,1,16,1
6,83,12927.0,5,True,1.0,17,1,79,1
10,72,29134.0,10,True,1.0,26,1,87,1
9,74,10367.0,10,False,1.0,21,1,23,1
2,77,11977.0,10,False,8.0,20,0,1,1
9,78,8300.0,6,False,8.0,26,0,22,0
3,81,19774.0,4,False,6.0,26,0,11,0
1,83,21024.0,7,True,3.0,21,1,89,1
8,95,25801.0,9,False,3.0,28,1,5,0
1,97,8300.0,6,False,4.0,18,0,96,1
2,73,29799.0,6,False,4.0,20,1,78,0
1,78,20984.0,3,False,1.0,23,1,2,1
4,64,21162.0,4,False,10.0,19,1,100,1
9,69,27369.0,10,False,1.0,25,1,98,0
5,95,26008.0,10,False,8.0,25,0,74,0
4,82,8300.0,4,False,1.0,17,0,82,1
9,69,24491.0,3,True,1.0,21,1,16,0
9,62,29445.0,3,False,1.0,18,1,100,1
8,89,8300.0,4,False,4.0,19,0,4,1
8,76,8300.0,3,False,5.0,23,1,27,1
4,82,17150.0,4,False,1.0,17,0,76,0
7,86,11863.0,7,False,10.0,25,1,2,0
3,81,21676.0,4,False,2.0,22,1,78,0
7,65,16608.0,7,False,1.0,25,0,26,1
2,82,20633.0,10,False,3.0,26,1,4,1
6,99,27080.0,6,False,4.0,21,0,17,1
1,64,28215.0,10,False,1.0,20,0,8,1
2,75,8300.0,5,False,2.0,17,1,94,1
6,87,8300.0,5,False,6.0,17,1,86,1
7,61,18953.0,7,False,1.0,17,0,88,1
1,78,29535.0,6,False,14.0,24,0,78,1
5,81,12116.0,8,True,1.0,17,0,80,1
9,63,15924.0,4,False,1.0,17,1,20,1
7,97,24926.0,4,False,1.0,31,0,20,0
2,71,21246.0,3,True,8.0,22,1,94,1
1,72,8801.0,1,True,10.0,22,1,85,1
2,98,8300.0,9,False,4.0,21,1,88,1
6,81,22351.0,4,True,1.0,23,1,75,0
8,98,15372.0,1,False,13.0,25,1,98,1
6,61,20976.0,1,True,3.0,27,1,6,1
5,97,10362.0,1,False,6.0,17,1,5,1
4,63,10045.0,1,False,1.0,20,0,74,1
3,85,20896.0,10,False,4.0,17,1,76,0
4,88,23581.0,10,False,1.0,22,1,75,0
10,61,30689.0,3,True,2.0,19,1,86,1
1,63,21760.0,4,False,6.0,27,0,76,1
5,93,12073.0,10,False,1.0,17,1,71,1
8,96,24791.0,10,False,1.0,21,0,18,0
7,62,8300.0,1,False,6.0,23,1,77,1
4,87,21950.0,10,False,1.0,24,1,12,1
6,68,25415.0,3,False,1.0,17,0,23,1
1,64,40822.0,7,False,6.0,19,0,94,1
2,61,19136.0,10,True,4.0,17,1,10,1
3,70,8300.0,7,True,4.0,24,0,86,0
4,98,35864.0,1,False,10.0,23,0,18,1
3,61,11661.0,1,True,1.0,21,1,96,1
6,94,31376.0,3,False,10.0,22,1,82,0
6,63,21631.0,7,True,1.0,17,0,71,0
8,62,32297.0,10,False,11.0,17,1,26,1
7,73,22524.0,10,True,1.0,20,0,87,0
2,70,17156.0,6,False,5.0,26,1,71,0
2,68,40800.0,6,True,1.0,23,1,3,1
1,60,18908.0,2,True,2.0,25,1,79,1
1,83,14348.0,3,False,3.0,18,1,22,0
2,74,28648.0,10,False,14.0,19,0,17,1
4,77,20329.0,4,False,9.0,23,0,74,0
6,77,8300.0,2,False,1.0,25,0,29,1
4,98,8300.0,8,False,4.0,25,0,7,0
4,91,19174.0,10,False,1.0,22,0,85,0
2,74,33817.0,2,True,13.0,17,1,10,1
6,81,23717.0,6,False,6.0,17,1,26,0
1,97,20528.0,6,False,3.0,18,1,26,0
7,78,27425.0,9,False,5.0,20,1,3,0
5,64,24854.0,2,False,1.0,17,1,20,1
4,88,34032.0,10,False,10.0,20,1,9,0
4,93,15675.0,10,False,1.0,23,0,89,0
6,99,29716.0,10,False,3.0,32,1,80,1
1,64,27366.0,9,False,1.0,22,1,18,1
3,63,15618.0,2,False,3.0,23,1,85,1
2,93,8300.0,3,False,12.0,17,1,98,1
3,69,17977.0,10,False,1.0,18,1,93,1
5,82,8300.0,4,True,8.0,20,0,26,1
2,60,30375.0,9,False,6.0,17,1,5,1
8,87,23317.0,1,False,12.0,17,1,25,1
3,92,16208.0,4,True,11.0,18,0,80,1
10,97,33865.0,6,True,6.0,26,0,23,0
5,72,28044.0,9,False,12.0,25,1,89,0
9,80,17147.0,4,False,12.0,23,1,92,1
4,61,27849.0,10,False,1.0,24,1,7,0
1,66,11273.0,10,False,6.0,22,1,4,1
3,66,10129.0,8,False,1.0,20,0,1,0
7,79,23015.0,4,False,8.0,18,0,10,1
3,97,21044.0,10,False,1.0,18,1,18,1
8,72,38186.0,10,False,5.0,17,0,90,0
1,87,20402.0,1,False,1.0,25,1,29,0
3,96,8300.0,10,False,2.0,17,1,30,0
2,64,12917.0,1,False,1.0,26,0,92,1
2,77,31758.0,10,False,2.0,17,1,90,1
6,84,23523.0,10,True,8.0,17,0,21,1
5,75,19159.0,1,True,5.0,21,1,27,0
7,95,8300.0,10,False,12.0,19,0,84,0
6,67,33524.0,5,False,1.0,24,1,13,0
5,85,11191.0,10,False,10.0,18,0,10,0
7,71,18933.0,10,False,7.0,28,1,90,0
1,94,21052.0,10,False,13.0,20,0,100,1
1,78,27991.0,8,False,6.0,18,0,10,1
1,92,8300.0,9,False,1.0,25,1,78,1
7,86,31047.0,9,False,1.0,23,1,97,0
5,98,21231.0,4,False,6.0,19,1,2,1
7,94,27583.0,10,False,2.0,18,1,23,0
6,80,8300.0,1,True,2.0,21,1,80,1
1,63,26090.0,6,False,3.0,17,1,71,1
3,82,8300.0,8,True,1.0,22,0,29,0
2,93,9274.0,6,False,1.0,22,0,74,0
6,66,28390.0,7,False,9.0,25,1,92,0
8,66,23271.0,5,False,4.0,20,0,29,0
3,81,14964.0,10,True,9.0,21,1,22,0
2,88,17897.0,10,True,1.0,26,1,96,0
5,60,23806.0,8,False,1.0,29,0,90,0
1,60,8463.0,3,False,9.0,26,0,26,1
6,76,19988.0,10,False,5.0,30,1,83,0
8,80,33241.0,10,True,1.0,17,0,78,1
5,75,22261.0,4,True,5.0,21,1,72,0
6,99,22241.0,10,False,7.0,22,0,70,1
10,69,27659.0,10,False,2.0,23,1,74,0
9,84,21416.0,7,False,3.0,17,1,75,0
8,78,18257.0,10,False,1.0,21,1,79,0
2,95,8300.0,10,True,1.0,17,0,8,1
6,74,24010.0,2,False,1.0,22,0,22,0
1,64,11713.0,10,False,6.0,20,1,12,1
3,74,28640.0,10,False,6.0,17,1,15,1
7,72,25041.0,6,True,2.0,17,1,75,0
8,85,14103.0,3,False,1.0,31,0,16,0
1,87,19154.0,10,False,8.0,23,0,94,0
2,94,20788.0,9,False,2.0,19,0,13,1
8,68,8300.0,2,True,1.0,17,1,12,1
3,73,14400.0,1,False,3.0,17,0,95,0
5,81,33425.0,10,False,11.0,20,0,86,0
7,63,31697.0,9,False,3.0,17,0,77,0
6,80,17465.0,8,False,1.0,19,0,11,1
6,93,8300.0,2,False,1.0,17,1,73,1
9,73,40205.0,6,True,9.0,21,0,75,0
3,77,8300.0,6,False,1.0,20,1,74,0
7,83,28935.0,4,False,9.0,17,0,13,0
8,98,25749.0,8,True,7.0,18,0,16,1
6,67,24434.0,6,True,3.0,24,0,75,0
9,94,15681.0,10,False,10.0,24,0,23,0
6,89,17707.0,4,False,1.0,29,1,96,1
4,70,19626.0,10,False,1.0,17,0,21,0
1,64,17291.0,10,False,11.0,22,1,30,1
10,96,30805.0,10,False,1.0,27,0,93,0
1,82,11105.0,9,False,1.0,24,1,28,0
8,97,8300.0,1,False,2.0,19,0,28,1
9,98,19759.0,10,False,6.0,19,0,91,0
9,81,30268.0,4,False,1.0,21,1,74,0
10,94,35162.0,2,False,1.0,17,0,20,0
5,71,20536.0,9,True,6.0,17,1,27,0
3,92,26925.0,7,False,4.0,24,0,92,0
2,94,14200.0,1,True,4.0,17,0,4,1
3,84,14892.0,1,False,5.0,17,1,72,0
6,78,21691.0,9,False,1.0,18,1,89,0
8,64,33897.0,4,False,1.0,24,1,22,1
4,79,20186.0,9,False,1.0,23,0,90,0
2,81,10420.0,7,False,1.0,17,1,100,0
3,63,21344.0,2,False,1.0,31,1,3,1
5,78,23898.0,3,False,4.0,29,1,10,0
2,89,20524.0,10,False,6.0,19,0,22,0
5,94,20578.0,8,False,5.0,22,0,83,0
10,87,32282.0,6,False,1.0,18,0,93,0
4,86,8300.0,3,False,11.0,17,1,7,1
10,78,23584.0,5,False,7.0,27,1,27,0
2,61,13538.0,3,False,1.0,28,1,17,1
1,66,8300.0,3,False,3.0,26,1,88,1
9,60,8300.0,8,False,1.0,17,1,30,1
10,94,8300.0,6,False,1.0,17,1,79,0
1,91,11272.0,8,False,3.0,25,0,92,0
10,99,8300.0,1,False,6.0,21,0,9,1
8,77,25423.0,10,False,2.0,17,0,12,1
4,64,45585.0,3,False,7.0,30,1,92,1
2,62,16597.0,10,True,1.0,20,1,10,1
2,64,8300.0,5,False,1.0,19,0,26,1
1,91,8300.0,10,False,7.0,18,0,15,1
4,62,21171.0,1,False,1.0,23,0,73,1
9,93,21236.0,8,False,6.0,18,0,97,0
6,68,29723.0,6,True,8.0,18,1,93,0
2,67,20000.0,7,False,1.0,22,1,77,0
3,87,10337.0,10,False,3.0,29,1,26,0
10,91,19450.0,8,False,4.0,17,1,97,0
1,69,13404.0,10,False,3.0,20,1,72,1
10,97,22427.0,10,True,7.0,17,0,3,0
3,95,18700.0,10,True,3.0,18,0,30,0
1,62,17466.0,9,False,15.0,20,0,73,1
9,88,23254.0,9,False,3.0,21,1,4,0
6,86,31375.0,1,False,3.0,18,1,24,0
10,88,22337.0,5,False,4.0,27,1,18,1
6,67,11396.0,10,False,11.0,17,0,23,1
7,98,10767.0,7,False,1.0,21,0,85,0
9,78,29783.0,10,True,3.0,17,1,93,1
7,77,23661.0,3,False,6.0,23,0,22,0
8,84,20200.0,4,False,7.0,17,0,22,0
2,97,40746.0,9,False,4.0,20,0,81,0
4,61,29039.0,5,False,4.0,17,1,4,0
1,88,21932.0,4,False,3.0,22,1,91,0
1,63,19838.0,4,False,6.0,28,0,81,1
6,72,21911.0,4,False,9.0,21,1,27,0
1,65,9834.0,10,False,2.0,21,1,19,0
2,86,12890.0,5,True,5.0,22,0,12,0
7,77,27851.0,3,True,14.0,20,1,19,1
4,61,22770.0,1,False,1.0,17,1,88,1
6,87,33142.0,4,False,2.0,25,0,13,0
4,83,10240.0,1,False,4.0,17,1,1,1
1,98,17049.0,10,False,2.0,21,0,18,1
6,73,22517.0,5,False,10.0,17,0,28,0
1,76,19906.0,5,False,1.0,25,1,19,0
2,64,9997.0,5,False,5.0,22,1,99,1
6,63,36020.0,10,False,1.0,17,1,93,0
3,100,14408.0,3,False,9.0,20,0,14,0
4,63,31185.0,7,False,1.0,27,1,76,1
7,76,13257.0,9,False,1.0,21,0,22,0
10,97,8300.0,6,False,1.0,22,1,26,0
9,82,27530.0,4,False,2.0,17,0,99,0
2,74,11217.0,7,True,5.0,23,1,87,0
5,99,16468.0,10,False,2.0,28,1,74,0
10,60,20946.0,10,False,1.0,30,0,80,0
6,95,15932.0,10,False,1.0,26,0,24,0
4,96,10277.0,9,False,6.0,18,1,4,0
5,60,8300.0,8,False,1.0,19,1,98,0
10,78,37523.0,4,False,3.0,26,1,86,0
3,90,12677.0,7,True,3.0,17,1,76,0
2,60,28495.0,6,False,7.0,24,1,77,0
6,66,17805.0,4,False,1.0,19,0,74,1
1,62,19835.0,10,False,9.0,21,1,81,1
9,77,26237.0,7,False,2.0,20,1,23,0
7,98,27498.0,10,True,1.0,17,0,16,0
7,71,15398.0,5,False,1.0,26,1,84,0
2,62,8300.0,1,False,1.0,18,1,77,1
2,88,16193.0,10,False,4.0,19,1,72,1
1,62,8300.0,10,False,11.0,18,1,19,1
8,63,8300.0,10,False,7.0,26,0,11,0
4,66,29429.0,7,False,6.0,24,1,11,0
6,64,19416.0,7,True,1.0,17,1,92,0
10,92,12464.0,10,False,1.0,17,0,29,0
2,63,10995.0,8,False,1.0,29,0,20,1
1,90,27054.0,10,True,12.0,29,0,74,1
2,89,19412.0,8,False,11.0,23,0,27,1
9,82,18809.0,7,False,11.0,26,0,98,1
3,88,16740.0,7,True,10.0,17,1,22,0
8,97,11540.0,7,False,3.0,21,1,7,0
4,82,13795.0,5,True,14.0,17,1,100,1
2,62,17187.0,6,False,1.0,20,0,20,1
1,85,23291.0,10,True,1.0,25,0,1,1
6,90,14121.0,4,False,9.0,22,0,90,1
1,87,8300.0,4,False,5.0,17,0,21,1
3,65,22040.0,7,False,2.0,17,0,19,0
1,61,13745.0,10,False,1.0,17,0,70,1
6,91,25083.0,9,False,12.0,25,0,24,0
1,77,29464.0,10,False,8.0,20,1,86,1
8,75,30554.0,4,False,1.0,18,0,93,0
7,87,29084.0,5,True,2.0,17,1,83,0
6,77,8300.0,8,True,1.0,17,0,99,0
5,62,19660.0,1,False,5.0,17,1,87,1
5,62,33032.0,9,False,7.0,22,0,3,0
9,70,23251.0,10,False,1.0,19,1,24,1
7,63,17737.0,3,False,4.0,17,0,81,1
7,63,33250.0,6,False,5.0,19,1,10,0
2,62,24621.0,7,False,6.0,26,1,17,1
3,96,26165.0,10,False,5.0,17,0,100,0
2,80,17121.0,1,False,4.0,17,1,26,0
1,99,14992.0,6,False,2.0,17,1,95,0
6,97,30091.0,1,False,1.0,18,1,24,0
1,86,8300.0,10,False,2.0,18,1,20,1
4,61,33326.0,7,False,3.0,36,1,15,0
5,88,8300.0,3,False,1.0,17,0,2,1
3,90,24607.0,4,False,1.0,17,1,28,0
1,61,17691.0,10,False,3.0,17,1,22,1
9,89,24012.0,6,True,2.0,24,0,26,0
7,84,11823.0,4,False,5.0,22,1,81,1
9,84,35643.0,10,True,1.0,20,0,85,0
6,98,8300.0,10,False,9.0,17,0,13,0
1,64,20075.0,1,False,13.0,17,0,78,1
9,81,9369.0,8,True,9.0,24,1,87,0
1,91,25023.0,8,False,5.0,22,0,17,1
8,61,8784.0,10,True,1.0,17,0,24,0
2,69,8578.0,8,False,5.0,19,0,82,1
1,89,25692.0,10,False,16.0,17,1,9,1
8,92,13269.0,7,False,7.0,30,0,28,1
5,86,35584.0,6,False,6.0,20,0,4,0
10,81,8300.0,3,False,2.0,23,0,99,1
9,87,28447.0,10,True,15.0,18,1,16,0
1,60,22451.0,10,False,4.0,17,1,93,1
2,61,19249.0,10,False,1.0,35,1,79,1
7,67,30090.0,10,False,2.0,25,1,72,1
8,87,19411.0,6,False,6.0,17,0,20,1
8,94,8300.0,10,True,2.0,29,1,4,0
8,66,11295.0,10,False,10.0,22,1,98,1
8,66,21552.0,10,False,1.0,17,0,26,0
1,98,8300.0,10,True,1.0,17,0,1,1
2,82,8300.0,6,False,1.0,21,0,79,1
7,60,18552.0,6,False,2.0,17,0,72,0
1,66,18101.0,10,False,11.0,21,1,90,1
9,98,32262.0,10,False,1.0,17,1,14,0
6,79,14529.0,7,True,5.0,24,0,30,1
2,66,19326.0,1,True,1.0,17,0,2,1
2,85,14543.0,10,False,7.0,19,1,23,0
1,60,24960.0,1,False,1.0,23,1,95,1
8,100,20290.0,7,False,1.0,21,1,21,0
3,62,27021.0,3,False,2.0,22,0,72,1
9,68,8300.0,7,True,7.0,17,1,90,1
8,80,21043.0,4,False,3.0,19,0,30,0
7,81,32592.0,10,False,3.0,23,1,88,0
7,74,17068.0,9,False,4.0,23,1,70,0
10,76,8717.0,1,True,3.0,21,1,14,1
5,87,8513.0,3,True,1.0,32,1,83,1
5,92,17063.0,5,True,10.0,23,1,6,0
2,86,26203.0,7,False,1.0,23,1,80,0
8,82,20769.0,7,False,1.0,25,1,5,0
10,94,19809.0,9,False,1.0,17,0,12,0
10,80,34182.0,9,True,7.0,27,0,24,0
7,80,42848.0,6,False,6.0,17,0,29,1
6,85,9187.0,6,False,1.0,20,0,83,0
5,67,10589.0,10,True,1.0,18,0,30,0
10,62,22636.0,5,False,6.0,17,0,7,1
3,60,43225.0,10,False,1.0,22,1,73,0
1,88,24451.0,4,False,10.0,17,0,100,0
10,73,14094.0,9,False,9.0,18,0,98,0
1,60,20979.0,7,False,7.0,29,0,15,1
8,66,8300.0,8,False,12.0,18,1,92,0
3,83,13914.0,10,False,7.0,24,1,27,0
7,72,8300.0,9,True,1.0,28,1,71,0
1,98,8300.0,9,False,1.0,23,1,19,1
8,96,13945.0,8,False,13.0,17,1,12,1
1,70,21506.0,10,False,15.0,20,0,83,0
1,60,34824.0,10,False,1.0,23,1,94,1
2,82,19471.0,5,False,7.0,19,0,26,0
2,62,25134.0,1,True,1.0,25,0,94,1
1,65,26872.0,3,False,12.0,18,0,10,1
4,89,12791.0,10,False,2.0,21,0,75,1
6,65,11919.0,10,False,1.0,18,1,83,0
2,69,8300.0,1,False,1.0,31,0,27,1
5,73,8300.0,4,True,3.0,21,1,14,1
4,69,14880.0,9,False,1.0,21,0,82,1
5,90,32913.0,7,False,2.0,20,0,11,0
6,88,22936.0,2,False,8.0,18,1,94,1
5,61,24647.0,10,False,1.0,28,0,96,1
1,68,21378.0,7,False,1.0,19,0,82,0
2,66,25902.0,1,False,6.0,21,1,93,0
7,80,25631.0,10,False,13.0,17,0,72,0
9,69,12521.0,5,False,5.0,19,1,72,1
6,64,22009.0,6,True,12.0,17,0,94,0
9,64,36645.0,7,False,1.0,25,0,10,1
3,69,12219.0,10,False,9.0,20,1,19,0
3,87,9781.0,1,False,8.0,27,0,18,0
9,81,14114.0,5,False,1.0,24,0,16,1
9,89,21337.0,10,False,2.0,20,0,3,0
7,86,33350.0,1,False,5.0,20,1,1,1
8,84,9073.0,8,False,1.0,21,1,75,0
10,79,16332.0,10,False,13.0,28,1,78,0
6,66,27452.0,10,True,1.0,25,1,86,1
6,78,8300.0,3,True,5.0,21,0,95,1
1,81,17860.0,2,False,5.0,21,1,19,0
3,100,13074.0,7,False,5.0,17,1,79,1
